AMD;temp mediaC;tempmaxC;H;M;tempminC;H;M;vientomediokm/h;dir;rfgakm/h;dir;H;M;pres.mediahPa;lluviadiariamm;radmaxW/m2;H;M;Uvmaxindex;H;M
2025  4  1;5.8;10.3;14;45;2.3;24;0;20.6;NW;53.1;N;2;20;988.7;3;654;13;0;2;13;0
2025  4  2;1.9;6.4;14;10;-2.1;6;50;9.7;SW;30.6;SW;16;15;1010.4;0;679;13;40;1.8;14;5
2025  4  3;2.6;10.4;14;45;-3.3;2;20;8.4;WSW;24.1;W;9;30;1025.6;0;476;13;10;2.2;13;15
2025  4  4;2.6;9.3;16;15;-4.8;8;0;4.8;NNW;25.7;NNW;14;50;1020.4;0.2;315;14;50;1.3;13;20
2025  4  5;8.2;12.7;14;50;4.7;7;0;5.8;N;24.1;NNE;12;50;1011.4;0.2;594;12;50;2.1;12;55
2025  4  6;8.6;13;17;5;4.8;20;45;2.3;E;14.5;ENE;17;50;1007.6;0;534;15;5;1.7;15;5
2025  4  7;10.6;17.9;15;20;6.8;22;35;12.1;SE;38.6;W;17;10;1005.4;0.2;494;14;35;1.8;14;10
2025  4  8;8.3;15.7;14;50;2.6;3;40;5.6;NNE;25.7;WNW;14;0;1010.5;0;425;14;45;1.4;13;55
2025  4  9;6.8;11.8;15;25;2.6;6;55;5;N;19.3;NNE;16;55;1001.9;0.2;517;14;35;1.6;14;20
2025  4 10;6.8;12.3;15;35;2.4;24;0;15.6;N;41.8;W;9;35;1015.5;0;434;13;15;1.5;12;50
2025  4 11;3.6;10;14;50;-1.4;5;40;5;NW;20.9;NNW;17;5;1007.9;0.2;346;14;45;1.3;14;45
2025  4 12;5.5;10.6;15;10;-1.1;23;25;12.9;W;40.2;W;14;50;1006.9;0.4;568;14;35;1.5;13;20
2025  4 13;2.5;11.7;15;45;-3.6;8;25;6;W;20.9;NNE;16;25;1021.4;0;411;13;20;1.4;13;0
2025  4 14;2;10.8;15;5;-4.6;5;30;5.8;SW;16.1;NNE;15;55;1022.4;0.2;503;14;45;1.4;12;55
2025  4 15;4.3;10.9;15;15;-3.9;6;45;5.1;NNE;22.5;NNW;13;55;1016.8;0.2;415;15;25;1.4;13;25
2025  4 16;9.2;9.8;13;50;8.7;8;15;10.8;NNE;30.6;NE;11;40;1005.8;1;144;13;50;0.8;13;50
2025  4 17;9.1;10.4;15;25;5.4;24;0;4.5;SSE;20.9;WSW;23;5;1003.3;1.8;132;13;40;0.7;13;25
2025  4 18;6.8;11.9;16;20;2.2;6;30;17.7;WNW;45.1;WNW;13;5;1010.8;0;499;13;25;1.4;13;15
2025  4 19;7.2;11.7;12;50;2.7;8;10;11.4;WNW;35.4;WNW;2;10;1014.7;1.2;432;12;45;1.2;12;40
2025  4 20;8.5;10.7;12;10;6.4;23;30;10.5;NE;32.2;NNE;14;55;996.6;1.8;339;12;5;1;12;5
2025  4 21;5.4;10.7;15;25;1.1;24;0;16.4;W;43.5;WSW;13;25;1002.6;0;359;13;20;1;12;45
2025  4 22;4.6;10.4;13;20;-3.2;6;30;11.1;NNE;41.8;NNE;16;55;1003;0.2;383;14;30;1;12;40
2025  4 23;6.4;10.3;13;35;1.3;8;10;16.4;WNW;41.8;W;4;15;1003.2;0.4;371;12;50;1.1;12;45
2025  4 24;8.8;11.3;15;55;7.3;19;15;10.3;E;35.4;NNW;0;30;994.1;0.6;269;15;50;0.9;13;55
2025  4 25;6.7;8.6;0;10;4.2;24;0;9.5;SSW;33.8;SSW;15;35;985.5;5.4;51;12;50;0;0;5
2025  4 26;4.1;7.7;14;30;-0.5;24;0;22.9;W;53.1;W;12;0;986.1;0.4;355;13;45;1.1;13;15
2025  4 27;6.3;11.7;15;10;-0.5;0;5;17.7;WNW;66;WNW;17;15;996.9;0;100;12;25;0.6;12;30
2025  4 28;8.4;9.8;13;30;6.2;9;0;15;N;41.8;W;6;10;1003.5;0.6;153;10;45;0.7;13;30
2025  4 29;6.1;11.4;15;20;1.5;21;15;8.4;W;38.6;W;13;50;1004;0;359;15;15;1;13;10
2025  4 30;5.8;11;15;35;-0.4;7;20;3.5;NNE;29;NNE;14;10;1008.7;0.2;327;15;30;0.8;13;10
2025  3  1;9.9;12.4;11;20;6.4;0;25;7.4;E;22.5;ENE;12;20;1000.2;0.8;584;11;20;3;14;20
2025  3  2;10;13.7;17;20;7.3;7;25;12.6;E;33.8;E;12;10;995.7;4.8;606;14;5;3.5;14;0
2025  3  3;10.2;14.7;13;20;5.7;24;0;28.2;WNW;67.6;WNW;16;0;986;0.2;858;14;35;3.5;13;15
2025  3  4;6.3;9;14;0;1.8;6;55;14;ESE;40.2;NW;2;5;983.8;7;336;9;55;1.2;12;15
2025  3  5;9.2;14.8;14;40;4.8;23;50;24.5;W;53.1;W;10;25;991.9;0.8;889;13;20;3.7;12;50
2025  3  6;7.6;13.4;13;10;0.6;6;40;10.3;NNE;35.4;N;15;45;1008.7;0;696;13;0;3.5;13;0
2025  3  7;7.9;10.6;17;25;4.3;23;30;7.7;SE;29;W;19;5;1005.5;10.4;290;17;15;1.3;12;5
2025  3  8;7;13.1;15;50;1.1;7;0;11.3;W;35.4;W;17;45;1013.9;0.2;904;14;25;3.7;13;45
2025  3  9;9.1;16.5;15;20;1.6;2;0;17.1;NW;49.9;NW;15;15;998.9;1.8;860;13;40;4;13;40
2025  3 10;7.8;11.9;14;30;4.8;7;50;19.2;W;46.7;WSW;11;45;996.6;0;853;14;10;3.8;14;15
2025  3 11;9.7;16.1;16;5;5.4;0;5;28.2;W;53.1;W;13;45;1011;0;668;14;35;3.3;13;40
2025  3 12;9.1;12.7;15;25;3.8;7;5;13;WNW;43.5;WSW;1;5;1012.9;0;466;12;35;2.6;12;35
2025  3 13;9.6;14.9;13;40;4.7;21;55;23.7;NW;59.5;NW;12;35;1003.3;3.6;824;13;45;3.2;13;20
2025  3 14;8.9;13.4;17;20;4.3;5;30;22.9;NW;57.9;W;0;35;1005.9;0;499;11;35;2;11;35
2025  3 15;10.3;14.9;15;55;3.9;24;0;22.4;W;51.5;WNW;11;10;1006.2;0;612;13;45;3.1;13;45
2025  3 16;8.5;14.3;14;0;2.3;7;45;10.5;NNE;35.4;NNE;17;10;1006.3;0.4;626;14;15;3;13;0
2025  3 17;9.9;14.1;15;50;4.7;23;50;28.8;WNW;69.2;WNW;14;5;995.5;0;675;12;55;2.7;12;55
2025  3 18;7.7;12.3;12;20;2.6;3;45;22.2;N;54.7;N;15;25;1002.3;0.2;568;12;40;2.7;12;40
2025  3 19;12.4;16.1;15;0;7.7;23;40;41.7;WNW;83.7;NW;13;10;976.8;0.2;673;14;0;2.6;13;50
2025  3 20;9.3;15.6;15;5;4.8;24;0;23.2;NW;53.1;WNW;18;5;993.2;0;788;13;10;2.7;13;10
2025  3 21;6.4;11.7;14;20;2.2;6;5;25.3;W;53.1;WNW;14;20;1009.5;0;652;14;10;2.4;12;50
2025  3 22;6.8;13.1;15;5;-0.6;3;5;21.7;W;51.5;WNW;14;35;1020.2;0;582;12;40;2.5;13;0
2025  3 23;11.9;16.2;14;15;9.9;6;0;40.7;WNW;75.6;WNW;16;40;1006.8;0;649;14;10;3.4;14;10
2025  3 24;11.4;15.8;13;45;8.3;6;45;30.4;W;82.1;W;4;0;1006;0;533;13;0;2.8;13;0
2025  3 25;13.3;18.4;12;35;8.9;24;0;29.8;WNW;66;WNW;12;45;1005.2;0;650;12;35;2.6;12;30
2025  3 26;8.1;13.3;13;30;0.9;7;50;9;NNE;35.4;NNW;22;50;1004.2;0;680;13;10;3.1;13;10
2025  3 27;9.4;14.7;14;25;4.9;4;55;21.4;WNW;49.9;W;12;30;1000.5;0;664;12;35;2.4;13;5
2025  3 28;8.2;13;13;5;4.9;0;5;15.1;NW;37;W;13;40;1000.4;4.6;427;13;0;1.8;13;0
2025  3 29;4.8;10.7;16;25;0.7;8;55;15.8;WNW;43.5;WNW;13;45;998.2;0.2;603;14;20;2.1;13;5
2025  3 30;3.9;11.6;13;55;-1.6;5;20;21.2;W;66;W;15;35;994.6;0;719;13;50;2.2;13;45
2025  3 31;3.4;9.4;14;25;-2.1;8;10;18.7;W;49.9;W;11;40;1002.1;1.6;643;14;25;1.8;13;5
2025  2  1;13.3;19.4;11;50;8.7;24;0;19;NNW;54.7;NW;11;50;996.4;0;932;11;50;4.9;11;50
2025  2  2;10.3;18.1;14;0;5.6;24;0;11.6;W;48.3;WSW;14;40;986.7;2.6  1;16;14;0;5.7;14;0
2025  2  3;9.1;15.2;16;25;4.7;3;30;21.1;W;46.7;W;9;35;996;0.0  1;76;12;5;5.5;13;25
2025  2  4;9.6;15.3;15;45;5.3;1;50;24.1;WNW;49.9;WNW;13;35;1002.6;0;571;15;45;3.2;14;40
2025  2  5;10.2;16.9;13;50;4.4;3;55;13.7;N;41.8;N;15;0;995.8;0.2  1;41;13;45;6;13;45
2025  2  6;10.4;16.8;12;35;5.2;23;40;17.5;W;57.9;W;15;25;990.8;0.4;933;13;25;5.2;13;20
2025  2  7;9.6;16.3;16;50;1.5;4;15;18.5;W;49.9;WNW;13;10;1003.4;0.0  1;42;14;0;5.7;14;15
2025  2  8;9.6;16.9;13;50;1.2;6;45;19;W;53.1;WNW;13;55;1006.3;0.0  1;32;13;45;5.3;13;5
2025  2  9;10.7;17.7;16;50;3.3;6;25;19.3;NW;46.7;WNW;9;20;1002.5;0.2  1;30;13;25;5.5;13;25
2025  2 10;9.4;16.6;13;50;4.5;24;0;16.4;WSW;51.5;WSW;18;0;989.6;2.0  1;20;13;5;5.1;13;5
2025  2 11;7.1;12.2;16;35;0.3;6;25;14.6;W;43.5;SW;11;20;999.1;0;937;12;30;5;12;50
2025  2 12;9.3;16.9;18;10;2.4;6;0;12.9;W;49.9;W;19;35;1003;0.6;844;11;45;4.6;11;55
2025  2 13;12.5;18.3;13;55;8.4;6;25;34.3;W;74;W;14;5;1004.9;0.0  1;23;13;55;5.9;13;55
2025  2 14;11.3;16.6;15;25;6.1;5;30;33;W;69.2;WNW;19;15;1002.8;0;784;15;20;4.6;15;20
2025  2 15;10.9;16.1;14;30;4.5;24;0;29.3;WSW;54.7;WSW;10;40;993.8;0.4;981;14;25;4.9;12;55
2025  2 16;6.8;12.4;14;10;0.6;23;55;15.4;W;46.7;SSW;12;40;1002.7;0.0  1;4;14;5;5;13;35
2025  2 17;5.4;11.4;19;0;-3.2;5;10;14.2;NW;40.2;NNW;12;45;1006.1;3.8;334;9;55;1.9;12;35
2025  2 18;13.8;19.9;14;50;10.3;4;50;24.6;W;53.1;W;16;10;991.8;1.4  1;21;13;35;6;13;35
2025  2 19;11.7;15.7;14;0;6.2;24;0;35.2;W;74;WNW;11;15;987.8;1.8  1;32;14;0;5.4;14;0
2025  2 20;10.9;18.6;17;5;4.9;5;20;20.6;NW;46.7;W;16;15;993.3;0;714;16;35;3.7;13;50
2025  2 21;11.3;18.5;14;10;5.8;6;15;11.6;N;51.5;NW;14;5;988.9;1;912;12;25;4.5;14;5
2025  2 22;12.4;17.8;15;35;7.9;5;40;25.4;WNW;64.4;W;16;10;986.1;0;875;13;45;4.5;13;55
2025  2 23;11.6;15.8;13;15;6.5;23;40;24;NNW;62.8;NW;9;20;987.1;0;962;14;15;4.6;14;15
2025  2 24;7.8;13.2;12;15;1.9;23;5;22;W;64.4;W;17;5;985;4;840;12;30;3.8;12;30
2025  2 25;5.8;12.6;14;35;0.3;3;5;26.1;W;64.4;W;14;20;1003.5;0.2;817;14;10;3.8;14;10
2025  2 26;8.1;13.8;12;45;3.1;1;50;29;WNW;61.2;WNW;12;40;1007.1;0;956;12;25;4.9;12;45
2025  2 27;8.7;14.5;15;10;3.7;7;5;24.9;W;49.9;W;11;10;1001.6;0;969;13;55;4.4;13;55
2025  2 28;8.5;13.9;13;20;3.2;6;25;17.1;WNW;35.4;W;1;40;1001.9;3;772;15;40;3.6;13;10
2025  1  1;13.3;17.7;11;55;11.3;0;10;10.5;NNE;37;NNW;21;0;1010;0.2  1;127;11;45;8.1;13;25
2025  1  2;13.8;17.9;16;40;10.6;5;40;21.2;W;54.7;W;12;30;1006.6;2;875;13;10;6.5;13;15
2025  1  3;12.9;17.4;15;5;9.5;24;0;30.4;W;64.4;W;17;0;1008.4;0.4  1;9;11;5;6.7;12;45
2025  1  4;13.2;18.7;17;0;7.4;2;45;21.4;WNW;56.3;W;12;5;1009.8;0.0  1;109;12;0;7.1;13;0
2025  1  5;13.7;21.5;16;45;5.8;2;15;21.4;NW;54.7;W;16;55;1002.7;0;988;14;15;6.9;14;15
2025  1  6;12.8;18.4;17;25;6.9;24;0;17.2;W;45.1;WSW;17;10;1004.8;0;997;13;20;6.9;13;20
2025  1  7;10.9;17.7;10;50;0.5;5;20;16.3;N;57.9;NNW;15;50;1008.2;0.0  1;102;12;50;7.4;13;40
2025  1  8;11.4;16.7;13;5;6.8;24;0;19;W;70.8;W;19;50;995.2;7.2  1;151;13;20;7.7;13;20
2025  1  9;10.6;16.1;17;15;3.9;5;30;28.2;W;54.7;WNW;16;55;1007.9;0.0  1;176;12;40;7.3;13;5
2025  1 10;10.9;17.1;12;50;3.2;5;45;14.5;N;43.5;N;15;30;1012.4;0;889;12;40;6.4;13;45
2025  1 11;13;20.4;16;5;8.6;6;35;16.7;N;45.1;NW;13;45;999.3;3.8;868;14;50;6.6;14;35
2025  1 12;12.7;17.2;12;0;5.1;24;0;33;W;78.9;WSW;17;35;977.5;0.6;942;14;40;6;14;40
2025  1 13;9.8;15.6;13;35;3.1;4;40;26.6;NW;62.8;N;16;20;997;0.0  1;201;13;35;7.1;13;30
2025  1 14;12.2;18.4;16;50;4.4;5;0;27.8;NW;74;NW;17;15;991.1;0;793;16;50;4.4;13;30
2025  1 15;9.5;15.6;14;20;2.6;24;0;23;W;62.8;WNW;15;55;989.6;0.0  1;85;14;55;6.2;13;50
2025  1 16;9.6;16.2;17;15;1.8;2;45;30.1;WNW;66;W;16;50;996.5;0;872;10;15;6.1;12;5
2025  1 17;13;19.3;14;55;7.7;4;40;35.9;NW;74;WNW;18;0;997.4;0.0  1;125;14;0;6.7;14;5
2025  1 18;13.1;18.9;16;15;7;0;50;35.1;WNW;74;W;13;50;1004.1;0.0  1;13;14;20;6.8;13;45
2025  1 19;12.8;18.6;14;25;8.6;23;40;35.9;W;66;W;17;30;1008.2;0;970;14;20;6.6;14;20
2025  1 20;10.3;15.3;15;15;2.7;5;5;11.7;NNE;38.6;W;0;5;1008.1;0;916;15;10;5.8;12;40
2025  1 21;10.4;14.8;14;20;4.6;4;50;11.3;NNE;35.4;NNE;15;0;1010.1;0.0  1;60;13;0;7.3;14;5
2025  1 22;11.4;12.9;16;35;10.6;1;20;15.8;ENE;48.3;NNE;22;40;1005.5;10;450;14;45;3.5;14;50
2025  1 23;13.4;19.3;15;10;7.8;24;0;22.4;WNW;56.3;NW;17;20;994.6;1.8  1;106;12;55;6.7;12;55
2025  1 24;11.2;17.8;14;55;6.8;1;40;31.1;NW;66;NW;12;0;991.6;0.0  1;83;14;55;6.3;14;25
2025  1 25;13.5;19;15;0;7.6;6;10;23.7;W;49.9;W;8;45;1000.1;0;932;14;25;6.3;14;5
2025  1 26;13.1;18.2;13;40;9.7;5;45;10.1;N;41.8;W;23;45;991.8;9.8;773;13;30;5.6;13;30
2025  1 27;10.9;16.9;15;45;6.2;6;30;28;WNW;61.2;WNW;15;45;987.2;1.8  1;151;12;50;6.7;13;30
2025  1 28;11.5;17.1;13;30;5.2;2;50;24.1;NW;59.5;NW;14;30;990.7;0.6;796;11;30;5;12;50
2025  1 29;12.2;15.5;11;20;8.6;6;25;15.4;NW;49.9;NNW;0;5;993.9;1;555;9;50;2.7;14;45
2025  1 30;13.9;20.5;11;30;8.4;24;0;25.6;WNW;78.9;WNW;12;0;992.8;0.2;872;11;50;5.4;12;50
2025  1 31;11.6;17.6;16;0;4.5;6;35;21.4;W;49.9;W;10;45;1001.9;0.0  1;46;15;35;5.9;14;30
2024 12  1;7.1;11.8;15;45;0.7;23;55;16.4;WSW;41.8;WSW;7;20;999.8;0.0  1;225;12;35;6.1;12;35
2024 12  2;8.1;14.1;20;0;0.4;3;45;16.4;W;43.5;WSW;11;30;1002.7;0.0  1;121;12;10;6;12;30
2024 12  3;10.8;17.5;13;50;4.4;24;0;28.5;W;61.2;WNW;15;10;997.1;0;983;13;45;6.4;13;50
2024 12  4;6.1;11.3;14;50;1.6;23;55;13.8;S;41.8;SSW;11;15;1007.3;2.8  1;201;12;55;6;12;50
2024 12  5;5.2;10.6;11;40;1.4;4;40;9.2;NNE;30.6;E;13;25;1016.6;0.0  1;290;13;50;6.4;13;50
2024 12  6;6;11.2;12;10;2.5;3;5;12.1;ENE;43.5;SE;12;30;1017;0.0  1;273;11;5;6.1;12;20
2024 12  7;8.7;13.5;14;35;4.8;24;0;12.9;N;41.8;NNW;8;10;1010.2;0.4  1;209;14;25;7.3;13;30
2024 12  8;7.4;12.1;14;40;1.8;4;20;10.5;NNE;29;N;20;0;1007;9.6  1;248;14;30;6.8;13;20
2024 12  9;10.3;16;16;25;5;2;10;19;WNW;45.1;WNW;15;10;1006;0;823;12;0;5.3;11;55
2024 12 10;9.9;15.2;15;30;4.8;5;15;17.9;W;45.1;W;15;10;1007.2;0.0  1;20;12;35;6.2;13;10
2024 12 11;8.7;11.7;11;45;3.8;2;5;16.1;N;48.3;NNE;19;40;1004.5;0.6;705;11;40;5;11;35
2024 12 12;12.3;19.2;14;40;5.6;23;55;19.5;W;61.2;W;17;55;998.5;0.2  1;197;13;30;6.9;13;30
2024 12 13;11.1;17.5;13;25;2.9;0;55;23.7;NW;67.6;WNW;14;10;1004.8;0.0  1;153;11;40;6.6;12;50
2024 12 14;12.7;17.7;16;30;8.2;5;40;24.6;WNW;51.5;WSW;14;30;1006.1;0.0  1;297;12;20;6.4;12;20
2024 12 15;11.8;16.9;15;10;7;23;30;30.4;W;70.8;W;15;50;1007.9;0.0  1;14;10;30;6.9;12;45
2024 12 16;12.7;20.1;13;25;5.6;3;55;15.3;W;41.8;WNW;13;20;1012.2;0.0  1;28;13;15;7.3;13;15
2024 12 17;12.8;20.6;16;20;7;23;40;17.1;W;59.5;NW;15;55;996.3;0;953;15;45;6.3;15;10
2024 12 18;9.3;14.9;13;50;5.7;0;25;36.4;WNW;70.8;NW;11;55;987;0.2  1;162;13;40;6.9;13;45
2024 12 19;8.6;14.6;14;40;4.3;5;20;34.3;W;62.8;W;12;5;987.2;0.0  1;194;13;5;7.1;13;5
2024 12 20;9.2;16.2;15;10;3.9;1;0;25.3;W;54.7;W;7;10;997.8;0.0  1;230;13;35;7.3;13;50
2024 12 21;9.8;15;16;10;5.3;5;35;20.6;W;51.5;W;17;5;1007.4;0.8;541;16;10;3.4;11;55
2024 12 22;8.9;13.4;13;45;3.3;4;0;10.9;NE;33.8;NNE;15;45;1005.7;0.4;856;13;40;6.8;13;40
2024 12 23;12.9;19.2;14;35;8.4;0;10;15;W;48.3;WNW;16;50;1007.6;1.0  1;213;12;20;7.9;13;15
2024 12 24;14.1;18.1;13;10;10;1;25;28.3;WNW;53.1;WNW;8;10;1009.9;0.0  1;104;11;20;7.6;12;25
2024 12 25;15.6;22.9;18;35;11.9;3;10;19.8;WNW;49.9;N;14;35;1006.8;0;953;13;50;7.8;13;50
2024 12 26;14.3;19.6;16;0;8;24;0;17.5;W;49.9;W;18;10;1001;4;853;14;30;6.5;14;30
2024 12 27;11.7;17.4;14;35;4.8;3;25;26.4;WNW;53.1;WNW;15;55;1013.7;0.0  1;188;14;15;7.6;14;25
2024 12 28;15.2;22;17;15;5.7;5;10;19.2;W;45.1;W;9;55;1016.1;0.0  1;58;12;15;7.2;11;55
2024 12 29;11.1;16.8;9;25;5.3;4;50;10.1;NE;33.8;N;13;15;1013.2;0.2  1;162;13;45;7.7;13;45
2024 12 30;10.8;11.9;15;35;10.2;4;35;17.5;ESE;43.5;ESE;4;55;1004.7;2;339;12;25;2.6;12;25
2024 12 31;11.6;14.8;17;5;10.4;4;40;15.9;SE;40.2;ESE;13;20;1007.6;3.2;545;13;30;4.4;13;30
2024 11  1;9.1;15.9;16;0;0.9;23;30;8.5;NNE;41.8;WSW;22;0;984;6.8;788;11;50;4.6;11;50
2024 11  2;7;12.9;16;50;1.1;0;25;24.8;W;57.9;W;11;25;994.8;3;795;13;10;4.1;12;50
2024 11  3;8.2;13.3;17;20;5.6;0;55;17.5;NNE;46.7;NNW;14;15;986.1;0.4;675;15;30;2.9;10;55
2024 11  4;8.8;15;13;45;2.7;1;50;19.6;NW;45.1;NNW;12;0;984.8;0.0  1;39;12;40;4.4;12;40
2024 11  5;5.9;9.7;15;35;1.7;5;35;17.2;E;46.7;E;12;35;991.5;0.2  1;206;11;40;5;12;55
2024 11  6;5.4;12.2;16;20;1.7;5;30;14.5;W;54.7;W;18;0;1001.7;0.8;912;14;40;4.2;12;30
2024 11  7;7.6;13.6;13;0;3.4;3;0;20.1;NW;46.7;NW;7;55;1000.2;0;791;10;15;4.4;13;5
2024 11  8;5.9;8;15;40;5.2;23;40;19;E;46.7;ESE;14;55;999.7;6.8;842;15;15;3.9;14;45
2024 11  9;7.2;12.1;18;25;4.8;2;20;20.3;E;53.1;E;5;55;995.1;2.2;802;16;25;3.4;14;50
2024 11 10;8.3;14.3;14;40;2.4;3;35;23.5;W;57.9;WNW;15;45;994.8;0.2  1;88;12;0;4.6;12;0
2024 11 11;6.4;9.7;17;15;1.4;5;55;16.4;W;38.6;NW;15;35;998.3;5.6;490;8;10;2;13;0
2024 11 12;11.4;17.4;14;0;6.9;6;10;20;W;48.3;W;15;0;995;1.4  1;71;13;45;5.2;13;45
2024 11 13;10.4;15.6;16;50;6.8;24;0;25.9;W;54.7;W;6;30;996.8;0.0  1;114;13;50;5.3;12;55
2024 11 14;9.3;16.8;12;45;3.8;4;45;21.9;NW;54.7;NW;10;25;994.1;0.0  1;136;12;0;5.5;13;25
2024 11 15;9.3;14.8;14;30;3.5;23;35;27;W;62.8;W;17;45;983.4;0.0  1;130;11;30;5.3;13;10
2024 11 16;6.2;11.4;13;35;-0.2;5;45;27;W;61.2;W;15;50;997.7;0.0  1;150;14;10;5.5;13;25
2024 11 17;8.3;15;17;0;1.8;2;45;16.1;NW;45.1;W;11;30;1005.7;0.6  1;201;13;45;5.8;13;10
2024 11 18;8.9;16.2;14;0;1.5;5;15;13.7;W;40.2;N;14;40;1016;0;840;13;10;5.2;13;20
2024 11 19;9.1;13.8;21;25;1.7;3;0;18.2;N;51.5;N;14;50;1002.8;0;956;14;25;5.7;13;5
2024 11 20;11.6;19.7;16;45;3.9;5;35;20.6;WNW;57.9;WNW;14;20;1001.2;0.0  1;5;13;35;5.6;12;55
2024 11 21;11.3;18.3;11;20;5.6;5;40;12.6;NNE;40.2;NNE;15;35;1006.2;0;984;14;45;5.6;13;25
2024 11 22;11.1;18;14;55;5.5;5;55;10.6;ESE;33.8;NNE;18;5;997.2;0.0  1;63;12;45;6;12;55
2024 11 23;8.5;13.3;14;55;4.2;5;35;35.2;WNW;88.5;WNW;17;5;994.1;1.6  1;215;13;55;5.4;13;55
2024 11 24;8.6;15.5;16;15;-0.4;4;45;15.6;W;43.5;W;8;30;1005.8;0.0  1;125;13;15;6;13;15
2024 11 25;8.8;17.1;17;50;-0.3;5;0;12.7;W;40.2;W;18;10;1011.2;0.0  1;0;13;35;7.1;13;40
2024 11 26;8.8;13.6;14;15;3.7;3;30;10.6;NNE;32.2;NNE;17;0;1011.7;0;986;13;45;6.2;13;40
2024 11 27;8.5;12.3;14;40;4.1;0;10;13;E;32.2;E;13;25;1011.2;0.0  1;20;11;30;6.1;11;45
2024 11 28;10.7;18.1;14;45;4.9;2;25;17.5;W;59.5;W;17;5;1006.3;0.0  1;9;16;10;6.2;13;50
2024 11 29;10.9;16.1;14;0;6.1;1;40;33.3;W;74;W;12;45;1000.2;0;930;12;20;5.7;12;55
2024 11 30;10.2;16.4;14;55;3.9;23;55;32.2;W;64.4;NW;8;25;990.9;0.0  1;179;14;10;6.1;14;20
2024 10  1;-0.2;3.8;14;0;-4.6;23;20;7.1;WSW;20.9;SW;16;5;1006.9;0;932;12;45;4.9;13;10
2024 10  2;4.1;10.5;14;45;-4.4;1;30;24.9;WNW;61.2;WSW;16;40;1002.6;0;459;9;55;3.3;14;40
2024 10  3;5.6;11.8;14;0;1.2;23;40;33.2;WNW;77.2;W;14;15;994.3;0.8;893;12;55;3.4;12;50
2024 10  4;4.3;9.7;13;45;0.6;1;55;30.4;W;74;W;14;5;1001.3;0;844;12;45;3.1;12;45
2024 10  5;7.1;12.7;13;50;2.1;0;20;32.5;WNW;64.4;W;15;40;1009.5;0;826;13;45;3;13;25
2024 10  6;7.6;13.4;15;45;4.2;23;15;25.7;WNW;48.3;W;13;45;1006.7;0;816;15;45;2.1;15;45
2024 10  7;8.6;14.2;12;35;3.2;0;20;18.7;W;41.8;WSW;10;45;1010.3;0;758;13;15;3.1;12;50
2024 10  8;9;14.3;13;0;5.3;24;0;14.5;NW;45.1;WNW;13;55;1008;2.8;705;13;0;3;13;0
2024 10  9;7.2;10.7;11;5;4.9;4;50;16.1;NW;45.1;WNW;20;10;997.8;1;761;11;0;3;11;5
2024 10 10;7.3;12.3;13;55;3.9;22;50;32.2;WNW;62.8;WNW;3;0;989.3;0.2;863;12;30;4.5;13;30
2024 10 11;6.6;12.2;14;20;2.4;6;20;24.9;WNW;46.7;WNW;15;5;990.6;0;707;14;20;4.8;13;40
2024 10 12;6.8;10.9;14;35;2.1;4;30;25.9;W;56.3;NW;24;0;994.4;0;464;13;5;3.2;13;5
2024 10 13;9.9;15.9;14;25;3.7;6;5;35.4;WNW;74;WNW;14;5;997.4;0;747;10;45;3.6;13;5
2024 10 14;9.2;14.3;13;20;5.8;2;5;24.5;WNW;51.5;WNW;14;20;1007.6;0;640;13;15;3.3;13;10
2024 10 15;9.6;16.3;12;25;2.8;24;0;29;WNW;74;NW;11;10;998.1;0;795;13;30;3.2;12;25
2024 10 16;5.8;13.3;12;55;-0.2;5;25;21.1;N;62.8;NNW;13;55;1004.1;0;893;13;20;3.8;13;20
2024 10 17;10.3;18.6;15;0;5.4;6;30;17.2;W;41.8;WNW;12;20;1001.9;0;962;14;20;3.8;12;55
2024 10 18;9.3;14.7;12;55;4.8;7;20;18.7;W;46.7;WNW;12;50;1001.7;0;977;12;55;4.1;12;55
2024 10 19;10.1;15.7;17;10;6.3;2;50;20.6;W;51.5;W;17;55;998.7;0.8;708;9;35;3.1;14;10
2024 10 20;8.1;15;15;25;2.1;5;50;22;WNW;51.5;N;21;35;997.2;2.8;863;15;0;3.8;14;10
2024 10 21;9.4;13.8;16;20;5.7;4;50;38.6;W;77.2;W;13;25;988.6;0;933;13;45;4.1;12;55
2024 10 22;9.6;15.9;13;20;4.1;5;40;26.7;W;62.8;WSW;14;30;1002.5;0.0  1;62;12;20;4.6;12;25
2024 10 23;9.4;15.6;13;40;2.7;5;40;24.1;W;56.3;W;14;0;1003;0;977;12;50;4;13;0
2024 10 24;7.3;13.6;12;45;1.9;6;5;25.4;W;59.5;W;12;55;993.1;0;896;12;35;4;13;45
2024 10 25;6.3;13.1;14;25;-0.3;2;55;35.6;W;83.7;W;15;0;990.2;0;907;13;50;4.1;13;35
2024 10 26;8.6;14.9;14;10;2;6;5;30.6;W;66;W;14;0;994.8;0;833;12;20;4.3;13;30
2024 10 27;9.4;14.1;12;20;6.4;23;50;36.2;WNW;74;W;14;50;986.5;0;972;12;20;4.3;12;30
2024 10 28;10.3;15.8;15;10;5.3;23;55;42.5;W;83.7;WNW;12;50;989.4;0;981;12;20;4;12;25
2024 10 29;9.6;14.3;16;10;4.1;23;45;37.8;W;91.7;W;11;20;993.1;0;998;11;35;4.1;13;20
2024 10 30;10.2;17.1;14;55;4.2;6;0;26.6;WNW;72.4;WNW;14;40;1000.9;0.8  1;58;12;25;4.7;12;40
2024 10 31;9.9;17.3;14;5;5.9;1;50;13;N;43.5;NNE;17;10;999.6;0;918;12;10;4.8;13;0
2024  9  1;5.3;11.3;13;55;1.3;8;25;19.2;WNW;53.1;WNW;14;15;987.2;0.4;483;11;30;1.2;13;5
2024  9  2;5.7;11;12;45;1.6;5;55;19.3;WNW;43.5;WNW;15;5;993.1;0;515;13;0;1.4;12;35
2024  9  3;4.4;9.4;12;45;0.3;23;10;23.3;WNW;56.3;WNW;14;45;990.5;0;589;12;55;1.4;13;25
2024  9  4;5.1;10.6;14;25;-0.1;2;55;28.5;NW;72.4;WNW;14;45;993.3;0;592;13;40;1.4;13;35
2024  9  5;7.3;11.2;14;10;4.7;1;35;30.7;NW;61.2;NW;0;40;983.6;0;573;13;15;1.8;13;15
2024  9  6;6.4;10.4;12;50;2;24;0;26.6;NW;59.5;WNW;13;0;981;0;721;13;20;1.6;12;55
2024  9  7;5.2;10.6;14;55;1;6;0;23.5;WNW;54.7;WNW;11;20;988.1;0;504;12;0;1.2;12;5
2024  9  8;5.6;9.6;13;55;0.2;23;20;34.1;WNW;74;WNW;11;35;987.9;0;580;13;50;1.2;13;10
2024  9  9;1.8;5.6;13;30;-2.8;5;5;25.1;NW;54.7;NNW;20;55;1000.6;0;315;11;15;1.1;13;25
2024  9 10;4.2;9.2;13;55;-0.4;5;45;21.4;WNW;43.5;NW;19;15;995.4;0;596;12;35;1.6;12;35
2024  9 11;6.3;11.4;14;15;2.1;6;55;28.6;WNW;57.9;WNW;15;30;991.8;0;592;13;20;1.7;13;10
2024  9 12;4.1;7.2;14;15;-0.2;20;55;34.6;NW;75.6;W;14;15;985.9;0;722;13;20;1.5;13;20
2024  9 13;2.7;6.8;13;55;0.3;5;0;38.5;W;74;WSW;12;0;994.9;0;664;13;20;1.5;13;0
2024  9 14;2.8;5.6;11;35;-1.1;5;0;20.1;N;46.7;NNW;15;0;1000.3;0.8;411;13;5;1.3;13;0
2024  9 15;4.2;9.2;16;20;-0.1;21;55;24;W;62.8;W;12;0;990.2;0;670;12;20;1.6;13;35
2024  9 16;6.4;12.8;14;20;-0.7;0;25;28.8;NW;72.4;NNW;12;35;990.7;0;666;12;55;1.8;12;50
2024  9 17;4.5;9;15;30;-0.8;24;0;32.2;W;70.8;W;16;50;991.1;0;628;12;55;1.6;13;0
2024  9 18;2.6;9.4;15;35;-2.7;5;15;25.3;WNW;56.3;WNW;11;35;1004.5;0;571;13;50;1.7;13;30
2024  9 19;3.9;10.8;15;50;-2.1;2;55;14.2;WNW;37;N;13;20;995.5;0;649;14;50;1.7;12;50
2024  9 20;-0.3;4.3;14;35;-6.2;7;30;12.1;W;35.4;W;14;20;992.8;1.2;612;13;45;1.8;12;5
2024  9 21;1.8;7.1;14;30;-4.1;4;10;24;NNW;61.2;NW;19;25;983.7;0;610;13;5;1.9;12;50
2024  9 22;2.8;7.2;13;45;-2.5;23;40;24;W;56.3;WSW;15;0;980.6;0;707;13;45;2;13;40
2024  9 23;2.9;10.2;15;35;-2.1;0;25;33.8;NNW;77.2;WNW;16;40;982.7;0;628;15;35;2.1;13;50
2024  9 24;0.6;4.6;14;25;-2.2;6;55;33.2;W;72.4;W;16;10;988.5;0;805;13;20;2.2;13;5
2024  9 25;4.5;10.9;15;20;-1.3;0;45;38.1;WNW;85.3;WNW;16;50;992.4;0.4;729;13;0;2.5;13;0
2024  9 26;5.9;11.8;13;45;0.9;5;5;31.1;NNW;77.2;NW;12;25;987.5;0.4;615;11;55;2.3;12;45
2024  9 27;3.1;7.2;14;15;-3;23;35;26.9;W;59.5;W;15;45;985.1;0;721;11;55;2.6;13;20
2024  9 28;0.5;5.7;15;5;-5.8;24;0;24.9;W;57.9;W;13;20;992.7;0;715;13;40;2.4;12;55
2024  9 29;-0.7;5.6;17;25;-7.1;0;50;9.8;WSW;33.8;W;17;25;998.8;1.2;860;11;35;3.5;13;0
2024  9 30;0.7;5.6;11;50;-3.4;1;45;18.2;W;43.5;W;6;20;998.8;0;707;11;20;3.5;12;15
2024  8  1;3.8;5.3;12;25;2;24;0;8.2;ENE;30.6;NE;0;5;993.4;8.8;88;12;20;0;0;5
2024  8  2;2.5;3.4;14;15;1.7;1;5;18;SE;45.1;SE;11;30;992;2.6;40;13;30;0;0;5
2024  8  3;0.1;2.1;0;5;-2.9;22;45;9.2;SSE;29;S;5;5;1000.2;0;378;13;20;0.6;12;50
2024  8  4;-1.6;1.9;15;50;-4.8;22;20;2.9;WSW;17.7;WSW;12;15;1014.8;0;287;13;10;0.6;12;50
2024  8  5;-1.9;1.8;14;10;-5.6;3;0;7.4;W;24.1;W;13;55;1024;0;443;14;5;0.6;14;5
2024  8  6;-0.7;1.3;16;0;-3.2;8;30;4.2;W;20.9;W;1;45;1027.1;0;359;11;40;0.6;12;40
2024  8  7;-1.4;3.2;16;20;-5.9;9;10;6.3;NW;17.7;WNW;12;0;1021;0.2;338;12;20;0.6;13;35
2024  8  8;2.6;5.8;16;0;0.4;0;20;12.2;NW;32.2;WNW;21;40;1004;3.8;227;15;0;0.5;14;10
2024  8  9;3.6;6.4;13;55;1.7;9;35;12.4;W;35.4;W;2;0;999.4;0;322;13;10;0.7;12;55
2024  8 10;1.8;5.8;15;25;-0.8;9;15;5.5;W;20.9;WSW;11;10;1004;0;390;14;25;0.6;12;55
2024  8 11;0.6;4.7;13;15;-2.1;8;25;4.5;SW;19.3;ENE;21;5;1015.7;0.2;450;13;55;0.7;13;30
2024  8 12;3.1;3.9;14;45;1.6;0;5;8.4;E;29;NE;10;50;1002.9;7.6;79;13;40;0;0;5
2024  8 13;2.2;5.6;15;20;0.3;6;55;6;E;20.9;ESE;15;5;1005.8;0.2;417;14;40;0.6;12;30
2024  8 14;3.6;4.8;14;0;2.2;0;5;16.7;ENE;40.2;NE;18;10;1010.7;2;83;11;40;0;0;5
2024  8 15;2.6;4.3;14;25;1.2;22;55;3.9;N;20.9;NNE;0;30;1012.7;0.2;360;14;20;0.6;12;25
2024  8 16;2.1;3.8;16;30;-0.9;23;20;7.2;E;22.5;E;11;25;1013.6;0.8;181;16;30;0;0;5
2024  8 17;1.4;6.3;15;40;-1.6;1;55;6.9;WSW;16.1;W;4;0;1019.3;0.4;374;11;55;0.6;11;55
2024  8 18;3;9.6;15;35;-0.7;0;5;15.3;W;38.6;W;15;50;1022.1;0;443;13;40;0.9;13;5
2024  8 19;4;9;15;0;0.1;24;0;17.9;WSW;45.1;WSW;13;20;1022.1;0;538;13;30;1.1;13;25
2024  8 20;2.3;9.6;15;0;-3.5;7;5;9.7;WSW;32.2;W;13;35;1018.9;0;360;13;20;0.9;13;5
2024  8 21;2.4;8.7;16;5;-1.2;2;10;10.5;W;37;W;16;50;1016.2;0.2;394;13;35;0.9;12;35
2024  8 22;3.9;10.2;13;35;0.4;7;15;12.4;W;38.6;W;3;30;1012.5;0;559;13;30;1.1;13;5
2024  8 23;3.6;10;16;45;-0.1;3;5;6.4;SW;22.5;W;15;35;1017.2;0.2;533;13;15;1.2;13;20
2024  8 24;4.9;10.8;15;10;1.4;23;0;10.9;W;30.6;W;14;55;1019.8;0;422;14;30;1;12;10
2024  8 25;3.2;5.4;14;50;0.3;2;25;6.8;N;24.1;NNE;11;10;1008.9;0;149;14;50;0.6;14;50
2024  8 26;3.5;9.7;15;10;0.7;3;50;9;NW;35.4;NW;23;10;1000.2;1;529;14;55;1;14;55
2024  8 27;4.2;8.9;13;25;0.9;4;10;20.8;WNW;43.5;NNW;18;5;1005.5;0;496;13;15;1.2;13;10
2024  8 28;3.8;7.9;13;50;0.5;23;50;27.7;W;66;WSW;16;25;1001.4;0;476;13;45;1.1;13;15
2024  8 29;3.9;6.8;10;35;0.4;6;30;20;W;45.1;W;1;25;1014;0;338;10;35;0.5;10;25
2024  8 30;5.1;12.1;17;45;1;3;10;15;NNW;48.3;WNW;16;25;1007.1;0;318;15;10;0.8;15;10
2024  8 31;5;8.7;13;30;2.1;6;55;11.3;NW;32.2;NNW;0;25;1001.6;1.8;580;14;15;1.3;14;10
2024  7  1;-2.9;-0.3;16;5;-5;22;30;10;W;30.6;W;7;35;996;0;190;13;35;0;0;5
2024  7  2;-1.9;1.9;23;20;-4.7;20;50;7.1;NW;29;NW;4;40;998.5;0.2;244;13;10;0;0;5
2024  7  3;0.6;2.1;5;0;-1.4;18;15;6.1;SE;30.6;S;23;10;991;2;272;14;55;0;0;5
2024  7  4;1.9;3.4;13;55;0.3;23;55;12.2;SSE;41.8;SSE;0;25;1010;5.6;220;13;50;0;0;5
2024  7  5;-1.6;1.4;13;40;-7.3;24;0;3.2;SW;12.9;WSW;16;35;1023.5;0;176;13;25;0;0;5
2024  7  6;-6.4;-3.9;16;0;-8.4;9;50;2.7;W;11.3;SW;1;15;1025.6;0;125;14;15;0;0;5
2024  7  7;-2.7;1.7;17;35;-6.8;9;20;8.2;W;32.2;W;20;20;1018.9;0.2;56;13;10;0;0;5
2024  7  8;-3;0;15;35;-5.8;20;15;6.8;W;19.3;W;14;30;1023.2;0;236;13;0;0;0;5
2024  7  9;2.6;5.1;14;35;-3.6;0;5;27.8;WNW;56.3;NW;11;25;1005.3;0.2;153;14;30;0;0;5
2024  7 10;2;5.1;13;55;-2.1;22;20;21.6;W;53.1;W;6;40;1004;0;195;13;10;0;0;5
2024  7 11;3.2;7.1;24;0;-1.8;2;20;24.5;W;53.1;W;18;0;1006.7;0;230;14;20;0;0;5
2024  7 12;5.1;7.1;0;5;1.9;22;50;29.5;WNW;53.1;W;5;35;1007.6;0;202;13;10;0;0;5
2024  7 13;3.9;8.2;14;5;1.9;9;10;19;NW;41.8;NNW;1;15;1007.8;0;229;13;45;0;0;5
2024  7 14;2.1;5.1;14;15;-1.4;23;45;9.3;NNW;33.8;NNW;10;35;1012.2;0;200;13;15;0.5;13;0
2024  7 15;0.6;3.1;23;55;-2.7;9;20;4.7;W;25.7;WNW;23;35;1000.7;0.2;225;11;45;0;0;5
2024  7 16;3;7.5;14;40;0.2;4;50;7.4;NW;29;N;6;20;1006.7;0.2;199;13;25;0;0;5
2024  7 17;1.9;4.3;12;50;-1.2;6;35;3.2;SE;24.1;N;1;20;1000.3;2;188;12;5;0;0;5
2024  7 18;1.9;3.8;15;30;-1.1;8;35;14.8;W;45.1;W;20;15;1003.5;1.6;192;13;25;0;0;5
2024  7 19;3.3;5.5;16;40;1.1;2;30;27;NW;56.3;NW;23;20;1007.8;0;118;12;30;0;0;5
2024  7 20;4.8;7.7;13;45;2.2;23;55;36.4;NNW;74;WNW;16;40;991.6;0;216;13;10;0;0;5
2024  7 21;4.3;7.4;21;5;1.1;4;35;28.5;NNW;70.8;WNW;21;30;985;1.6;253;12;20;0;0;5
2024  7 22;3.3;6.1;14;45;1.4;3;0;32.7;W;66;WNW;12;30;988.7;0.2;223;13;5;0.5;13;10
2024  7 23;4.6;9.8;15;25;1.5;0;55;26.4;NNW;78.9;W;20;30;986.1;3;269;13;0;0.5;12;35
2024  7 24;1.7;3.8;15;10;-1;9;5;18.8;NNW;49.9;W;2;20;1000.4;0;181;12;45;0;0;5
2024  7 25;1.4;5.3;16;30;-2.3;4;10;20.4;NNW;54.7;NW;16;10;990.5;0;336;14;55;0.5;13;10
2024  7 26;1.9;4.1;14;50;-0.4;23;45;25.3;NW;56.3;NW;1;25;984.5;0.8;251;12;0;0;0;5
2024  7 27;-0.1;3.1;14;20;-3.2;24;0;22;WNW;54.7;W;23;0;993.3;0;316;13;30;0.5;12;40
2024  7 28;-1.7;1.9;15;5;-4.8;2;35;24.8;W;64.4;WSW;10;5;1006.9;0;257;13;10;0.6;13;10
2024  7 29;1.8;5.1;15;30;-0.5;0;5;25.4;NW;59.5;WNW;14;50;1004.6;0;299;13;40;0.6;12;40
2024  7 30;-0.2;3.8;14;0;-3.8;8;55;7.6;W;33.8;W;0;30;1006.3;0;265;13;0;0.6;12;20
2024  7 31;2.9;3.9;12;40;0.9;0;5;13.4;NE;33.8;NE;20;45;1006.8;1.6;84;12;5;0;0;5
2024  6  1;---;---;--;--;---;--;--;---;--;----;---;--;--;------;---;-----;--;--;---;--;--
2024  6  2;---;---;--;--;---;--;--;---;--;----;---;--;--;------;---;-----;--;--;---;--;--
2024  6  3;1.7;3.6;16;35;0.7;23;45;1.4;WSW;20.9;ESE;16;50;1010.8;0;14;16;35;0;16;35
2024  6  4;1.8;3.1;7;0;0.1;24;0;6.4;SE;20.9;SE;5;5;1006.6;7.8;58;13;40;0;0;5
2024  6  5;-1.4;2.8;13;55;-4.4;23;35;4.2;SW;29;SE;14;5;1009;0.4;272;13;50;0;0;5
2024  6  6;-3.2;0.2;23;55;-6.5;9;25;3.9;SW;12.9;SW;9;30;1010.6;0;202;14;5;0;0;5
2024  6  7;-0.5;0.7;10;35;-3.8;22;15;3.1;W;16.1;W;11;30;1005;2.4;132;12;35;0;0;5
2024  6  8;-3.9;0.4;15;40;-6.3;8;30;0;SW;8;SW;14;55;1010.8;0;232;13;0;0;0;5
2024  6  9;-5.2;-0.8;15;15;-7.8;8;25;0;NNW;0;N;0;5;1012.7;0;257;13;35;0;0;5
2024  6 10;-5.3;-2.6;22;25;-7.9;4;30;2.1;WSW;17.7;W;14;35;1013.1;0;269;13;5;0;0;5
2024  6 11;-1.5;1;21;30;-5.6;9;20;5;W;22.5;WNW;21;50;1005.4;0.2;230;13;35;0;0;5
2024  6 12;-0.2;1.3;15;35;-1.8;21;0;14.2;WNW;48.3;W;23;0;988.7;0;102;12;35;0;0;5
2024  6 13;0.4;3.2;14;25;-2.9;3;45;34.6;WNW;74;W;21;40;975.1;0.4;251;13;35;0;0;5
2024  6 14;-0.4;1.1;14;40;-2.3;24;0;27.4;WNW;67.6;WNW;6;55;980.2;0;118;16;10;0;0;5
2024  6 15;-2.2;1.5;14;45;-6;9;20;16.6;W;43.5;W;14;55;997.8;0;171;12;35;0;0;5
2024  6 16;-1.2;1.9;14;0;-6.9;23;35;21.9;W;49.9;W;11;45;1002.4;0;188;12;0;0;0;5
2024  6 17;-7;-3.1;16;10;-8.9;5;35;6.3;SW;16.1;W;1;25;1007.8;0;121;14;30;0;0;5
2024  6 18;-4.1;0.1;14;30;-8.3;5;25;9.5;SSE;38.6;SE;12;45;1018.2;0;167;13;10;0;0;5
2024  6 19;-5.2;-3.1;22;35;-8.8;8;0;7.9;WSW;24.1;WSW;22;35;1024.6;0;76;13;15;0;0;5
2024  6 20;-6.1;-3.1;16;10;-9.1;23;40;9.5;WSW;24.1;W;1;0;1021.8;0;167;12;55;0;0;5
2024  6 21;-8.7;-4.4;15;50;-11.2;23;20;7.7;WSW;17.7;WSW;10;5;1020.9;0;169;12;55;0;0;5
2024  6 22;-7.9;-2.5;24;0;-13.4;8;20;5.5;W;24.1;W;23;50;1016.2;0;151;13;50;0;0;5
2024  6 23;-3.6;0.8;14;45;-9.8;23;30;6.9;WSW;33.8;SSE;7;15;1018.7;0;188;13;15;0;0;5
2024  6 24;-6;-1.5;23;30;-11.9;2;50;10;NW;29;NNW;16;50;1015.5;0;146;11;20;0;0;5
2024  6 25;-0.9;0.9;23;55;-4.3;4;15;5.3;SSE;24.1;SE;23;15;999.9;1;70;14;15;0;0;5
2024  6 26;-0.4;1.7;7;30;-6.3;20;30;6.9;SSE;24.1;SSE;12;50;1000.6;2;165;13;50;0;0;5
2024  6 27;-6.9;-3.9;5;30;-10.7;19;10;6.3;WSW;19.3;SE;0;10;1008.2;0;181;13;15;0;0;5
2024  6 28;-6.1;-3.4;14;30;-10.1;2;35;5.6;WSW;14.5;WSW;5;10;1018.2;0;272;13;0;0;0;5
2024  6 29;-5.6;0.9;24;0;-11.8;3;45;1.9;SW;20.9;NNE;23;45;1014.8;0;120;12;50;0;0;5
2024  6 30;0.9;2.5;13;0;-2.5;23;55;17.2;ENE;49.9;ENE;11;25;994.6;6.6;216;14;55;0;0;5
2024  5  1;-0.1;6.9;15;15;-4.5;9;10;---;---;--- -;--  -;-  -;;1011.5;0.2;306;13;25;0.8;12;30
2024  5  2;0.9;6.4;15;55;-4.6;5;45;---;---;--- -;--  -;-  -;;1004.3;0;186;13;25;0.7;13;15
2024  5  3;3.3;7;15;10;-0.7;2;20;---;---;--- -;--  -;-  -;;991.2;1;84;14;20;0;0;5
2024  5  4;4;5.8;0;5;1.4;24;0;---;---;--- -;--  -;-  -;;986.2;12;49;14;35;0;0;5
2024  5  5;1.4;6;14;5;-1.8;8;15;---;---;--- -;--  -;-  -;;993.2;5;394;14;0;0.6;12;40
2024  5  6;2.2;4.9;16;15;-0.3;22;15;---;---;--- -;--  -;-  -;;1007.7;0.2;392;12;30;0.6;12;25
2024  5  7;1.8;3.5;15;30;0.3;0;5;---;---;--- -;--  -;-  -;;1009.9;6.2;341;14;30;0.5;12;20
2024  5  8;2.2;4.2;15;50;0.9;6;55;---;---;--- -;--  -;-  -;;1011.7;4.6;130;16;20;0;0;5
2024  5  9;1.2;5.2;15;20;-1.8;20;40;---;---;--- -;--  -;-  -;;1016.3;0.6;257;13;20;0.6;13;15
2024  5 10;-0.6;4.6;15;15;-4.4;3;30;---;---;--- -;--  -;-  -;;1019.9;0.2;294;12;10;0.7;12;55
2024  5 11;1.7;7;16;5;-3.8;7;5;---;---;--- -;--  -;-  -;;1014.5;0.4;294;12;20;0.6;12;15
2024  5 12;0.7;5.3;14;50;-4.6;8;35;---;---;--- -;--  -;-  -;;1023.1;0;267;13;35;0.6;13;15
2024  5 13;3.7;5.3;22;55;1.7;4;25;---;---;--- -;--  -;-  -;;1019;0;93;13;0;0;0;5
2024  5 14;8.7;13.3;14;0;5.2;0;5;---;---;--- -;--  -;-  -;;1005.8;0;338;13;10;0.6;13;10
2024  5 15;6.8;9.1;15;10;3;24;0;---;---;--- -;--  -;-  -;;1003.9;0;292;15;0;0.5;14;45
2024  5 16;3.2;8.3;14;15;-0.7;7;15;---;---;--- -;--  -;-  -;;1013;0;336;13;25;0.6;13;15
2024  5 17;2.4;8.2;14;50;-1.2;9;25;---;---;--- -;--  -;-  -;;1015.2;0;250;13;45;0.6;13;5
2024  5 18;2.1;7.2;15;55;-1.3;22;35;---;---;--- -;--  -;-  -;;1013.9;0;248;13;30;0.5;13;5
2024  5 19;1.8;5.3;13;55;-1.4;8;55;---;---;--- -;--  -;-  -;;1003.5;0.2;236;11;40;0.5;13;10
2024  5 20;3.4;6.2;14;10;0.7;4;40;---;---;--- -;--  -;-  -;;989.9;0;262;13;50;0;0;5
2024  5 21;4.6;8.2;14;50;1.3;8;15;---;---;--- -;--  -;-  -;;992.9;0;237;13;35;0;0;5
2024  5 22;1.1;4.7;14;50;-2.1;20;45;---;---;--- -;--  -;-  -;;1008.3;0.2;236;13;10;0;0;5
2024  5 23;1.4;5.3;14;35;-2.2;4;55;---;---;--- -;--  -;-  -;;1019.7;0;267;13;40;0;0;5
2024  5 24;2.9;7.4;13;35;-1.2;23;55;---;---;--- -;--  -;-  -;;1024.2;0;315;13;30;0;0;5
2024  5 25;-0.7;5.3;15;50;-6.1;9;10;---;---;--- -;--  -;-  -;;1027.1;0.2;248;13;10;0;0;5
2024  5 26;1.3;4;15;30;-1.9;20;50;---;---;--- -;--  -;-  -;;1019.6;0.2;250;13;10;0;0;5
2024  5 27;0.2;10.8;13;30;-2.4;8;0;---;---;--- -;--  -;-  -;;1010.4;1.2;32;10;20;0;0;5
2024  5 28;---;----;--;--;----;--;--;---;---;--- -;--  -;-  -;;------;---;-----;---;---;------;---;--
2024  5 29;---;----;--;--;----;--;--;---;---;--- -;--  -;-  -;;------;---;-----;---;---;------;---;--
2024  5 30;---;----;--;--;----;--;--;---;---;--- -;--  -;-  -;;------;---;-----;---;---;------;---;--
;;;;;;;;;;;;;;------;---;;;;;;
2024  5 31;---;----;--;--;----;--;--;---;---;--- -;--  -;-  -;;------;---;-----;---;---;------;---;--
2024  4  1;7.6;13.7;15;55;0.4;4;10;----;---;----;---;16;0;998.2;0;578;11;10;1.7;12;40
2024  4  2;7.3;10.3;3;35;-0.2;24;0;----;---;----;---;3;30;985.7;0;503;13;50;1.6;13;50
2024  4  3;2.7;9.3;14;50;-3;2;35;----;---;----;---;19;30;982.4;0.2;647;14;45;1.6;14;45
2024  4  4;4.4;10.9;15;5;-1.4;4;55;----;---;----;---;14;0;990.1;0;577;15;0;1.6;13;45
2024  4  5;10.4;14.3;18;30;6.6;6;5;----;---;----;---;13;15;990.9;0;499;12;15;1.4;12;5
2024  4  6;7.2;11.3;2;20;0;23;45;----;---;----;---;4;15;985.6;0.2;591;14;25;1.6;13;30
2024  4  7;5;11.7;15;45;-1.6;2;45;----;---;----;---;12;25;992.7;0;608;12;10;1.4;12;25
2024  4  8;2.6;8.2;15;45;-1.6;7;50;----;---;----;---;2;35;998.7;0;541;12;35;1.4;13;15
2024  4  9;4.7;10.3;12;55;1.4;5;20;----;---;----;---;10;40;1009.5;0;698;13;20;1.5;12;50
2024  4 10;5.4;10.8;14;15;-0.1;2;35;----;---;----;---;13;15;1018.6;0;425;14;0;1.4;14;0
2024  4 11;7.6;12.9;14;50;4.1;4;10;----;---;----;---;14;0;1014.5;0;443;13;20;1.4;12;40
2024  4 12;8.6;15.3;15;45;2.1;23;50;----;---;----;---;1;45;1017.7;0;508;13;30;1.4;13;25
2024  4 13;7.7;13.1;16;40;2.8;4;45;----;---;----;---;14;25;1016.4;0.2;492;11;50;1.3;13;10
2024  4 14;9.6;13.2;16;40;7.3;6;10;----;---;----;---;13;55;1004.9;2.8;366;12;20;1.1;12;15
2024  4 15;10;16.6;13;15;5.2;24;0;----;---;----;---;9;55;1004.4;0;466;13;30;1.2;12;45
2024  4 16;7.1;11.4;16;40;4.5;0;45;----;---;----;---;22;5;1001;0.2;626;14;0;1.4;14;0
2024  4 17;8.5;15.3;14;25;4.3;6;10;----;---;----;---;16;0;1004.5;0;504;14;25;1.1;12;25
2024  4 18;8.2;10;13;30;4.6;1;20;----;---;----;---;0;20;991.3;13.2;151;11;5;0.6;13;10
2024  4 19;4.7;6.4;12;40;2.4;23;40;----;---;----;---;14;25;982.1;11;132;12;10;0.5;12;5
2024  4 20;3.3;7.9;15;50;0.8;22;25;----;---;----;---;13;40;999.1;0;413;15;40;0.6;13;15
2024  4 21;4.3;10.5;14;40;-0.4;1;0;----;---;----;---;0;5;1008.8;0;454;14;30;0.9;14;30
2024  4 22;6.4;10.2;13;15;3.4;8;45;----;---;----;---;0;5;1004.1;1.4;527;12;10;0.9;12;5
2024  4 23;5.2;6.4;23;45;3.8;8;25;----;---;----;---;0;5;1004.9;0.4;283;12;50;0.7;12;50
2024  4 24;6.8;9.8;15;20;4;9;20;----;---;----;---;0;5;995.9;0.2;381;11;40;0.6;11;35
2024  4 25;5.7;9.9;15;0;1.8;23;45;----;---;----;---;0;5;981.3;2.8;466;14;15;0.8;12;40
2024  4 26;1.1;3.9;16;45;-2.9;24;0;----;---;----;---;0;5;983.1;1.8;178;14;30;0.5;14;20
2024  4 27;3.1;9.1;13;55;-2.9;0;5;----;---;----;---;0;5;973.4;0.4;415;13;55;0.9;13;45
2024  4 28;2.7;7.3;15;0;0;6;15;----;---;----;---;0;5;976.1;0;427;13;45;0.8;13;20
2024  4 29;1.2;6.2;15;35;-2.8;8;55;----;---;----;---;0;5;995.1;0.2;323;13;10;0.8;12;55
2024  4 30;0.3;6.4;14;45;-3.6;6;30;----;---;----;---;0;5;1009.1;0;388;14;45;0.7;12;20
2024  3  1;11.5;15.7;13;25;7.1;24;0;---  -;--;--- -;--;14;30;999.1;3.4;796;13;15;3.4;13;15
2024  3  2;7.3;13.9;15;20;2.6;6;35;---  -;--;--- -;--;18;10;998;1;933;12;30;3.2;13;5
2024  3  3;7.2;14.6;15;35;-0.3;7;20;---  -;--;--- -;--;3;30;1012.5;0;738;15;25;3;13;30
2024  3  4;8;14.2;13;55;0.6;7;25;---  -;--;--- -;--;18;40;1021.6;0;673;13;15;3.3;13;15
2024  3  5;10.7;13.1;11;40;5.8;0;40;---  -;--;--- -;--;13;35;1009.2;0;580;13;40;2.9;13;40
2024  3  6;9.1;11;0;5;7.9;23;55;---  -;--;--- -;--;1;20;1001;9.8;158;13;35;1.1;14;25
2024  3  7;9.5;14.4;13;10;4.1;6;5;---  -;--;--- -;--;15;20;1002.1;0;759;13;5;3;13;5
2024  3  8;9.7;10.7;13;40;8.1;0;10;---  -;--;--- -;--;15;0;989.8;8.8;241;10;30;1;13;5
2024  3  9;9.5;12.2;15;35;4.9;24;0;---  -;--;--- -;--;17;50;981.5;5;246;15;15;1.4;15;15
2024  3 10;8.6;12.2;14;40;4.9;0;5;---  -;--;--- -;--;14;55;984;0;831;14;35;3.1;14;30
2024  3 11;9.2;13.9;15;45;5.1;1;0;---  -;--;--- -;--;2;50;993.6;0;733;14;20;3.1;13;20
2024  3 12;10.9;14.3;15;20;7.8;7;30;---  -;--;--- -;--;13;50;987.5;0.6;664;13;55;3;13;45
2024  3 13;8.9;13.9;14;20;3.8;23;35;---  -;--;--- -;--;14;40;980.3;0;800;12;20;2.8;14;5
2024  3 14;5.7;9;18;50;3.1;6;40;---  -;--;--- -;--;14;30;982.6;2;478;9;45;1.2;12;35
2024  3 15;5.7;11;14;20;2.2;22;45;---  -;--;--- -;--;9;35;984.5;0;819;14;10;2.6;13;35
2024  3 16;4.1;11;15;30;-0.8;2;40;---  -;--;--- -;--;15;0;986.2;0;795;14;25;2.6;14;10
2024  3 17;4.4;9.1;14;15;0.2;3;20;---  -;--;--- -;--;8;40;988.3;0;710;14;0;2.4;13;50
2024  3 18;3.7;10.4;13;40;-1.3;6;20;---  -;--;--- -;--;1;35;998.7;0;779;14;10;2.4;13;30
2024  3 19;2.4;9.4;15;55;-4.1;7;45;---  -;--;--- -;--;18;45;997.6;1.2;724;13;15;2.3;13;20
2024  3 20;3.7;11.2;17;30;-3.1;5;30;---  -;--;--- -;--;15;25;994.5;0.2;596;13;50;2.4;13;45
2024  3 21;7.6;14.1;15;10;2.2;7;45;---  -;--;--- -;--;11;10;1002;0;707;14;0;2.5;14;0
2024  3 22;8.4;16.3;15;30;2;23;30;---  -;--;--- -;--;12;20;1007.7;0;554;13;5;2.4;13;35
2024  3 23;5.6;11;16;5;-0.2;7;40;---  -;--;--- -;--;0;25;1003.5;0;642;13;40;2.4;13;15
2024  3 24;9.7;17.6;16;10;3.6;7;50;---  -;--;--- -;--;15;20;1009.4;0;538;13;5;2.1;13;5
2024  3 25;9.6;13.7;17;0;3.3;0;5;---  -;--;--- -;--;22;40;1002.5;6.8;441;16;55;1.4;13;55
;;;;;;;;;;;;;;;;;;;;;
2024  3 26;11.9;16.8;13;5;7.2;22;10;---  -;--;--- -;--;17;50;998.1;0;584;14;5;2.4;13;30
2024  3 27;8.2;12.9;14;10;5.5;7;10;---  -;--;--- -;--;12;0;1005.7;2;689;14;10;2.3;13;50
2024  3 28;9.8;15.7;13;30;5.8;23;45;---  -;--;--- -;--;17;10;986.7;1.6;742;13;30;2.4;13;30
2024  3 29;5.2;9.4;13;30;-0.5;23;50;---  -;--;--- -;--;4;0;985;0;724;12;50;1.9;13;20
2024  3 30;4.5;11.2;14;40;-0.1;2;55;---  -;--;--- -;--;14;45;999.3;0;733;12;55;1.9;13;15
2024  3 31;6.7;10.8;13;35;1.2;23;30;---  -;--;--- -;--;13;0;1000.5;0;696;11;45;1.8;13;25
2024  2  1;12.7;21;14;30;3.7;2;55;30.9;---;125.5;---;16;0;998;1.6  1;18;13;0;4.7;12;50
2024  2  2;5.8;9.9;11;30;3.1;5;40;11.1;---;48.3;---;0;35;1000.3;10.2;329;11;25;1.7;11;25
2024  2  3;8.9;16.1;15;55;1.9;6;15;19.3;---;62.8;---;15;15;1006.5;0.4  1;62;14;25;5;13;25
2024  2  4;12.3;15.9;15;0;9.1;6;40;21.6;---;49.9;---;12;10;986.2;4.8;805;13;20;5.4;13;20
2024  2  5;13;17.9;14;45;7.9;6;40;41.4;---;128.7;---;2;0;987.2;0.2  1;116;13;30;4.9;13;20
2024  2  6;12.2;17.7;14;40;6.9;3;25;10.5;---;33.8;---;11;15;995.5;0;875;14;0;4.7;14;0
2024  2  7;11.7;20.2;11;20;7.8;6;50;23.8;---;88.5;---;18;50;984.4;0.4  1;102;11;15;4.8;14;10
2024  2  8;11;16.1;19;0;6.5;4;25;37.5;---;95;---;16;55;997.4;0;809;10;50;3.7;11;45
2024  2  9;13.5;17.6;15;25;9.1;6;5;34.9;---;112.7;---;15;45;1003.5;0;770;15;5;3.9;15;5
2024  2 10;14.8;24.1;17;15;6.4;6;45;14.6;---;64.4;---;18;5;1005.7;0;761;13;15;4.6;13;20
2024  2 11;10.6;17.4;13;10;4.9;24;0;11.4;---;64.4;---;14;30;997.6;7;744;12;45;3.8;12;45
2024  2 12;9.8;16.2;16;30;3.1;2;50;24.1;---;62.8;---;15;50;1009.9;0.2;972;14;25;5.1;13;25
2024  2 13;13.8;21.7;15;50;6.7;5;5;28.2;---;128.7;---;13;30;1001.2;0.6  1;46;14;45;6.1;13;30
2024  2 14;10.2;12.2;17;45;8.1;24;0;12.2;---;33.8;---;19;15;1003.2;3.4;262;15;10;2.2;13;5
2024  2 15;10.7;17.3;17;0;4.7;7;0;21.4;---;59.5;---;17;55;1011.7;0;809;13;15;4.6;13;30
2024  2 16;11.6;13.9;14;10;9.2;0;5;11.7;---;37;---;1;40;1008.5;0;638;12;50;4.4;14;5
2024  2 17;12.5;17.7;14;30;10;5;50;22.4;---;74;---;17;0;1000.5;5.2  1;4;15;15;4.9;14;15
2024  2 18;11.8;18.3;16;5;9.1;6;5;25.3;---;138.4;---;16;10;1000.6;4;513;15;50;3.5;15;55
2024  2 19;9.9;11.7;15;25;8.3;4;0;16.9;---;56.3;---;23;50;1005.9;6;647;10;10;2.7;15;20
2024  2 20;11.8;16.8;14;45;4.8;24;0;25.3;---;74;---;11;30;1001.1;0.0  1;90;13;40;4.7;13;40
2024  2 21;7.6;11.2;16;5;2.6;4;15;10.5;---;32.2;---;15;5;1000.3;2;708;13;25;4.1;13;25
2024  2 22;7.7;13.7;16;10;2.4;23;55;12.6;---;66;---;16;10;992.4;2.6  1;39;13;25;3.8;13;40
2024  2 23;7.5;14.7;16;10;1.6;3;25;22.4;---;57.9;---;17;20;1008.1;0;962;13;35;4.1;13;35
2024  2 24;10.7;19.7;15;55;0.6;5;25;13.5;---;66;---;17;25;1018.3;0;928;12;25;4.3;13;50
2024  2 25;13.6;19.1;13;10;8.9;6;25;17.7;---;62.8;---;12;50;1015.1;0.2;766;12;35;3.8;13;15
2024  2 26;11.2;14.4;15;20;9.2;23;15;8.9;---;22.5;---;3;20;1015.3;0.2;872;14;55;3.9;14;55
2024  2 27;10.4;11.7;23;30;8.9;4;45;12.6;---;37;---;12;45;1003.2;5.2;209;9;45;1.3;12;10
2024  2 28;11;16.1;15;25;6.2;4;40;22.2;---;74;---;14;0;1001;0.2;858;13;50;3.8;13;50
2024  2 29;12.7;19.3;14;20;7.1;6;30;17.9;---;90.1;---;13;55;1006.8;0;893;14;35;3.8;13;20
2024  1  1;14.3;22.2;17;55;7.9;6;25;18.2;SSE;45.1;SSE;14;20;1007.5;1.4;981;12;20;5.9;12;20
2024  1  2;15.9;21.7;14;30;10.8;24;0;19.2;S;67.6;---;12;50;1005.1;0.4  1;46;14;30;6;14;25
2024  1  3;11.8;19.9;12;50;6.3;4;15;10;ESE;51.5;---;12;55;1005;0.0  1;32;12;45;6.3;13;50
2024  1  4;13.3;19.9;13;15;7.8;5;15;9.8;---;46.7;---;11;40;998.7;0.0  1;172;13;10;6.5;13;10
2024  1  5;10.2;15.3;17;45;5.9;23;50;12.2;---;56.3;---;17;55;997.8;2.6  1;188;13;45;6.8;13;50
2024  1  6;11.9;18.2;16;0;5.1;3;55;24.9;---;69.2;---;13;40;999.3;0.0  1;127;13;35;6.6;13;40
2024  1  7;12.1;17.1;14;5;6.4;5;30;20.3;---;62.8;---;13;5;995.7;0;932;14;25;5.4;13;10
2024  1  8;10.8;17.8;14;20;5;24;0;26.7;---;70.8;---;11;45;994;0.0  1;241;14;25;6.5;13;50
2024  1  9;7.4;13.8;17;0;1.8;23;50;27.2;---;57.9;---;14;10;998.6;0;986;12;10;4.9;13;25
2024  1 10;9;17.2;16;5;-1.1;3;5;17.1;---;62.8;---;17;20;1008;0.0  1;151;13;50;6.8;13;45
2024  1 11;11.1;17.8;18;30;4.9;6;20;17.1;---;48.3;---;21;30;1010.5;0;983;12;55;5.7;12;55
2024  1 12;11.5;17.8;15;25;4.1;3;25;39.4;SE;85.3;SE;18;10;1001.4;0;807;16;20;5.8;15;0
2024  1 13;10.1;16.1;13;40;2.2;24;0;36.5;SSE;74;---;16;15;990.9;0.0  1;155;12;45;6.2;13;35
2024  1 14;7.4;13.8;17;25;1.4;0;25;22.4;E;54.7;W;19;5;992.4;0;953;15;20;5.2;15;20
2024  1 15;9.4;16.8;14;5;1.6;3;45;29.8;---;86.9;---;17;40;995.9;1.0  1;85;11;50;6.2;13;5
2024  1 16;9.4;14.1;13;50;5.2;6;30;16.7;SW;46.7;SW;14;50;1001;2.8;668;13;45;4.8;13;45
2024  1 17;12.8;18.7;14;35;6.8;23;40;20.4;---;51.5;---;18;20;994.4;0;895;14;30;5.6;14;30
2024  1 18;11.4;19.2;17;25;4.8;3;30;29;---;85.3;---;17;0;995.5;0.0  1;0;12;5;5.3;12;5
2024  1 19;10.1;16;14;30;3.8;5;55;35.2;---;106;2 ---;13;35;997.7;0;988;15;25;5.5;13;50
2024  1 20;12.6;17.7;14;45;6.2;0;5;43;---;95;---;10;0;1002.4;0;928;14;20;5.4;14;20
2024  1 21;14.9;20.3;13;50;10.1;1;55;41.5;---;132;0 ---;12;45;1002.4;0.0  1;39;11;55;5.4;12;25
2024  1 22;16.4;20.3;14;10;10.6;1;20;24;---;120;7 ---;10;15;1001.8;0;904;13;45;5.8;13;45
2024  1 23;14.5;24.8;15;15;7.4;23;50;23.5;---;95;---;20;0;994.7;0.0  1;120;14;5;6.1;13;35
2024  1 24;10.3;16.7;12;35;5.4;6;45;23.5;---;57.9;---;0;10;999.6;0.0  1;42;13;40;5.8;13;40
2024  1 25;12.4;19.4;17;45;4.2;4;20;12.2;---;45.1;---;6;5;993.2;0.0  1;153;14;5;6;13;55
2024  1 26;12.3;17.6;10;35;4.4;5;50;20.3;---;61.2;---;22;5;994.7;0.0  1;127;13;15;6.3;13;20
2024  1 27;11.8;17.1;13;30;4.2;5;40;39.3;---;82.1;---;13;20;996.5;0.0  1;97;13;25;5.6;13;30
2024  1 28;14.1;20.1;17;40;6.4;6;10;23.8;---;72.4;---;14;30;1004;0;974;14;50;5.2;14;40
2024  1 29;15.3;21.5;14;10;7.9;23;5;18.8;---;74;---;16;35;1004.7;0;981;11;15;5.5;14;15
2024  1 30;10.6;13.8;16;30;7.7;5;40;12.4;---;64.4;SW;23;55;1003.3;2;775;11;55;4.4;12;20
2024  1 31;10.6;16.8;17;0;3.7;5;15;21.9;N;54.7;N;11;0;1001.9;0;898;11;35;4.3;12;15
2023 12  1;5.4;10.6;19;0;-1.2;4;50;18.5;WSW;46.7;NNE;16;40;994.5;1.0  1;113;12;0;5.1;13;15
2023 12  2;4.8;10.3;10;10;-0.7;4;50;9.7;SW;35.4;SSW;7;55;998.8;2.4  1;25;14;0;4.7;13;40
2023 12  3;7.6;14.1;17;50;1.9;1;45;28.6;SW;67.6;SW;18;55;1005.2;0.2;533;9;45;2;9;45
2023 12  4;11.8;18.1;17;15;6.2;3;55;36.7;SW;77.2;WSW;17;20;1000;0;700;17;5;2.9;15;0
2023 12  5;8.7;12.4;16;0;4.2;8;5;40.6;WSW;77.2;S;18;0;998.9;0.8  1;116;12;30;6.1;12;55
2023 12  6;11.4;18;15;35;5.6;0;10;34.6;SW;64.4;SW;8;40;1005.2;0.0  1;90;15;0;5.7;12;20
2023 12  7;10.8;16.8;11;20;5.6;4;15;22.5;---;46.7;S;1;5;1014.5;0;870;13;10;6.3;13;0
2023 12  8;9.4;14.4;13;50;3.2;5;25;9.2;---;32.2;---;17;15;1009.9;0.0  1;172;13;45;7.6;13;30
2023 12  9;8.8;11.8;14;55;7.2;5;55;14;NE;32.2;NE;1;30;1004.4;0.2  1;34;13;25;6.7;14;10
2023 12 10;9.8;15.4;14;40;3.2;24;0;20.9;SSE;64.4;---;11;50;996.9;1.6  1;53;16;10;6.3;13;50
2023 12 11;7.9;14.4;12;25;-1.6;3;45;13.7;---;48.3;---;17;25;998.6;0;881;12;20;5.1;12;20
2023 12 12;10.7;15.2;12;15;4.6;5;10;27.8;W;67.6;W;13;55;993.2;0.0  1;167;13;30;6.2;13;30
2023 12 13;9.7;14.2;15;55;4.5;23;40;33.6;---;72.4;WSW;8;50;993.4;0.0  1;74;11;15;6.2;13;30
2023 12 14;8.4;12.9;13;50;2.9;3;35;17.9;---;45.1;---;15;20;989.3;1.6  1;100;14;20;6.8;13;40
2023 12 15;8.8;12.6;17;40;4.4;5;30;10.3;---;43.5;---;18;25;984.5;3.6  1;41;11;30;6.5;12;35
2023 12 16;8.4;14.3;15;10;2.4;4;15;28.5;SSE;69.2;---;17;50;997.5;0.0  1;206;11;40;7.5;12;50
2023 12 17;9.6;17.1;15;10;0.1;2;50;10.6;SE;41.8;---;10;15;1012.2;0.0  1;153;15;10;7.1;13;45
2023 12 18;13.4;22.9;15;45;4.2;4;20;22;---;61.2;---;20;50;1013.4;0;949;10;25;7.3;12;50
2023 12 19;15.4;22.6;14;0;9.1;3;20;29.1;---;59.5;---;14;0;1011.4;0.0  1;62;12;15;7.7;12;45
2023 12 20;16.2;24.7;14;55;7.8;24;0;27.4;---;75.6;---;19;50;1002.2;0.0  1;223;13;10;7.8;13;10
2023 12 21;11;17.3;16;20;4.7;5;5;26.6;---;59.5;---;0;20;1005.6;0.0  1;376;13;5;7.7;13;5
2023 12 22;11.1;16.6;14;20;5.2;23;35;33.3;---;78.9;---;15;50;997.5;0.0  1;169;13;25;6.5;13;25
2023 12 23;10.3;15.5;14;50;3.2;4;0;33.8;---;62.8;---;12;40;999.6;0.0  1;102;11;55;6.1;12;20
2023 12 24;12;17.9;15;15;6.9;6;15;27.2;---;61.2;ESE;7;25;1001;0.0  1;206;13;40;6.8;13;5
2023 12 25;12.5;18.3;13;40;6.8;23;10;37.7;SE;80.5;---;15;50;999.5;0.2  1;55;13;20;6.6;13;15
2023 12 26;11.9;18.4;14;45;6.2;4;25;39.4;ESE;80.5;---;13;5;1002.6;0;884;13;10;5.7;13;10
2023 12 27;10.7;15.4;15;25;4.1;23;30;35.7;ESE;86.9;ENE;9;20;990.7;0.0  1;62;12;35;5.7;12;35
2023 12 28;6.9;12.1;12;45;2.3;4;55;18;SSE;49.9;ESE;11;30;1001.6;0.0  1;329;13;15;6.5;13;0
2023 12 29;8.9;18.1;14;15;0.8;5;30;16.6;ESE;45.1;---;15;25;1009.3;2.8  1;102;13;25;7;13;25
2023 12 30;12.1;18.3;16;5;7.6;3;25;33;SSE;62.8;SE;18;30;1004.9;0.0  1;51;14;45;6.4;14;0
2023 12 31;12.7;17.7;14;5;8.2;5;30;32.5;SSE;74;SSE;10;5;1005.4;0;907;13;0;6;13;10
2023 11  1;6.5;12.7;13;5;-0.8;6;0;13.8;N;83.7;WSW;11;55;1012;0;886;13;5;3.7;12;45
2023 11  2;9.3;16.4;15;0;4.6;2;30;24.5;N;66;SW;15;25;997;0;958;14;0;3.9;13;50
2023 11  3;7;13.4;15;15;0.9;6;10;15.6;W;43.5;W;17;25;1003;0.0  1;102;12;45;4.6;12;45
2023 11  4;6.4;10.6;14;35;0.9;0;35;21.9;NE;66;W;16;10;990.5;10.2;821;14;30;4.3;13;45
2023 11  5;9;17.1;16;10;1.4;2;30;26.1;NNW;61.2;WSW;16;40;994.3;0.0  1;34;11;20;4.3;12;35
2023 11  6;9.7;15.3;12;25;6.2;24;0;17.2;NW;45.1;W;10;45;995.3;0.0  1;215;13;50;4.5;13;45
2023 11  7;9;16.5;15;10;4.3;0;55;18;WNW;46.7;WNW;14;55;997.3;0.8  1;5;13;25;4;13;20
2023 11  8;6.4;12.4;17;5;-0.8;6;25;21.2;WNW;72.4;SSW;19;10;1004.2;0.2  1;100;12;15;4.3;12;50
2023 11  9;7.6;14.5;16;5;0.3;4;15;27.2;WNW;75.6;NNW;16;0;999.6;0.0  1;85;13;5;4.1;12;55
2023 11 10;9.6;15.7;12;55;6.7;2;50;16.7;NNE;46.7;NNW;11;45;986.8;0.0  1;28;14;5;4.6;12;35
2023 11 11;6.7;9.1;14;15;3.8;23;25;5.8;SSE;19.3;SSE;8;5;991.8;3.4;519;13;15;2.7;13;15
2023 11 12;7.4;13.2;18;25;0.2;6;0;15.8;WNW;46.7;W;16;35;996.8;0.8  1;190;12;25;4.7;12;25
2023 11 13;7.8;13.7;14;15;0.1;24;0;18.7;WSW;54.7;W;17;40;987.8;0.0  1;74;13;10;4.6;13;10
2023 11 14;3.9;12.4;14;30;-2.6;4;5;14.8;WNW;48.3;WNW;15;40;985.8;4.4  1;187;11;40;4.4;13;20
2023 11 15;3.9;9;12;55;-1.3;5;25;10.6;N;35.4;N;10;0;990.1;0.0  1;148;12;5;4.7;12;45
2023 11 16;5.7;9.8;12;55;1;2;50;14.6;N;37;N;18;0;980.6;0.0  1;28;13;5;5.1;12;50
2023 11 17;6.3;8.4;14;0;4.8;6;5;10;N;30.6;N;0;30;978.3;7.6;464;13;15;2.8;13;15
2023 11 18;5.1;6.7;14;40;1.6;24;0;8.5;N;43.5;N;11;55;991.9;0.6;624;11;25;3;12;50
2023 11 19;4.9;10.3;14;50;-1.6;5;25;15.1;N;49.9;SW;9;0;997.6;0.0  1;269;13;30;5.3;13;25
2023 11 20;4.7;8.1;19;5;1.8;9;55;11.1;NE;35.4;WNW;17;15;988.7;2.6;916;14;25;4.3;14;25
2023 11 21;5.3;8.7;15;45;2.8;3;50;7.1;SE;25.7;ESE;17;0;991;3;925;13;35;5.3;13;35
2023 11 22;7.3;13;14;40;2.1;1;30;28.5;WSW;66;N;15;45;998.9;0.0  1;130;13;25;4.9;12;30
2023 11 23;8.9;15.6;16;10;1.8;0;55;31.5;WSW;74;WSW;15;55;1004.7;0.2  1;125;14;25;5.4;13;55
2023 11 24;12.2;16.7;14;50;7.4;24;0;33.6;WSW;69.2;WSW;14;30;1006.1;0;573;14;45;3.1;14;45
2023 11 25;12.1;18.9;13;30;5.7;1;40;33.3;WSW;78.9;N;14;15;993.8;0.0  1;153;12;15;5.2;13;5
2023 11 26;8.5;12.8;16;55;4.1;5;50;31.1;SW;67.6;SW;19;0;1001.1;0.0  1;280;14;15;5.2;13;45
2023 11 27;7.4;11.6;13;45;1.1;5;30;17.2;ENE;40.2;SSE;1;0;1005;0.0  1;11;11;45;4.9;13;0
2023 11 28;9.6;18.9;13;25;2.3;24;0;21.2;W;69.2;WSW;15;0;987;1.4  1;174;14;0;5.5;13;25
2023 11 29;8.1;13.7;15;40;2.1;0;10;25.9;W;64.4;SW;8;45;984.1;3.8  1;169;13;30;5.3;13;0
2023 11 30;7.8;13.1;15;5;1.8;23;50;33.6;W;75.6;WSW;11;0;985.7;0.2  1;111;12;30;5.1;13;30
2023 10  1;4.2;10.1;12;20;-2.1;5;40;28.6;N;75.6;W;13;0;995.3;0;740;12;20;3.3;13;30
2023 10  2;3;8.8;11;55;-1.9;1;10;18.8;N;40.2;NNE;4;25;1008.5;0.2;524;11;45;3.2;11;50
2023 10  3;8.2;15.4;14;50;1.3;6;25;23.2;N;53.1;N;17;15;1007.9;0;933;13;45;3.5;13;15
2023 10  4;9.2;12.4;17;0;6.7;0;10;37.2;NNE;66;W;15;30;994.9;0;404;13;50;2.2;13;45
2023 10  5;8.5;11.9;12;10;-0.7;23;35;27.5;NNE;61.2;NNE;13;45;984;0;362;11;55;1.8;11;55
2023 10  6;5.2;9.9;14;5;-0.7;0;25;30.9;N;72.4;NW;24;0;985.6;0;907;12;35;3.4;13;20
2023 10  7;5.8;10.4;16;20;2.2;4;15;43.3;N;78.9;NNE;2;15;976.5;0;744;14;25;2.7;13;35
2023 10  8;4.8;9.3;15;15;2.1;5;40;40.9;N;75.6;W;3;10;978.5;0;979;13;15;3.7;13;15
2023 10  9;5.2;10.7;13;10;-0.6;23;35;26.6;N;69.2;N;12;25;984.7;0;956;12;40;6.1;13;10
2023 10 10;2.2;7.4;17;5;-4.8;3;45;16.7;N;37;N;10;15;1008.5;0;731;10;55;5.6;12;55
2023 10 11;7;12.4;14;5;2.2;0;55;30.4;N;59.5;N;8;40;1010.1;0;831;12;5;3.9;12;0
2023 10 12;9.4;16.9;14;20;3.8;1;5;33;N;64.4;N;19;55;1009.8;0;803;14;15;3.6;14;10
2023 10 13;9.2;14.1;12;55;5.8;4;55;37;N;70.8;N;17;35;1005.6;0;745;12;20;3.2;12;20
2023 10 14;8.9;14.2;14;15;6.1;6;30;36.5;N;67.6;N;10;50;1003.7;0;977;12;55;3.6;12;50
2023 10 15;8.3;12.6;12;30;4.8;6;10;36.2;N;70.8;N;12;50;1004;0;819;12;45;3.1;12;35
2023 10 16;7.7;12.3;16;35;3.8;4;0;31.4;N;59.5;N;15;35;1005.4;0;388;10;30;1.5;14;15
2023 10 17;9.4;16.1;14;25;4.1;4;25;28.8;N;62.8;N;12;15;1005.1;0;970;14;20;3.9;13;45
2023 10 18;11.6;18.3;14;45;7.1;4;55;25.3;N;64.4;N;15;0;998.6;0;777;13;25;3.1;12;45
2023 10 19;11.3;16.7;13;35;7;7;10;19.6;N;48.3;N;12;50;1001.4;0.2;884;12;0;3.2;13;10
2023 10 20;7.4;14.1;13;0;1.3;6;30;21.2;N;53.1;NNE;0;20;1006.6;0.4;998;12;45;3.4;13;5
2023 10 21;6.9;12.6;15;35;1.9;4;35;32.3;N;75.6;N;11;40;1007.6;0.0  1;11;12;45;3.1;12;45
2023 10 22;8.7;15.3;14;35;2.3;23;55;19.2;N;48.3;N;13;0;1015.1;0;935;13;35;3.1;13;35
2023 10 23;7.4;15.6;11;30;-0.3;3;50;15.9;N;41.8;NNW;17;40;1018.3;0;749;13;20;3;12;45
2023 10 24;9.1;16.3;15;55;2.8;5;45;25.3;N;72.4;N;18;10;1004;0;642;10;10;1.8;10;50
2023 10 25;7.3;14.7;12;30;2.1;3;20;43.1;N;107;8  N;1;6 5;5  984.;4  0.0;909;0 1;3 3;0  3.3;13;30
2023 10 26;5.3;10.7;13;20;1.2;22;40;18.8;N;59.5;N;9;15;987;0.0  1;2;12;20;3.6;12;30
2023 10 27;4.7;8.4;15;55;-0.5;1;5;18.2;N;64.4;N;21;45;969.7;7.6;445;15;55;1.9;13;15
2023 10 28;4.4;9.8;12;55;0.2;3;20;15.9;N;57.9;N;0;55;971.8;0.2  1;25;12;50;4.1;12;50
2023 10 29;5.1;10.1;14;10;0.1;24;0;8;N;40.2;N;10;50;991.7;0.0  1;102;13;35;4;12;45
2023 10 30;3.1;9.6;16;50;-2.6;3;5;0.2;N;19.3;N;1;35;1018.8;0.0  1;62;12;45;4.1;12;55
2023 10 31;4.2;9.9;13;15;-4.4;5;30;0;N;14.5;N;7;5;1020.7;0;831;11;50;3.6;12;35
2023  9  1;1.3;7.8;15;25;-2.6;8;40;15;N;43.5;NNE;17;15;987.9;0.2;522;14;50;1.1;12;55
2023  9  2;1.4;7.8;16;5;-1.9;3;10;15.1;N;40.2;N;10;40;1000.3;0;640;11;50;1.4;13;0
2023  9  3;0.7;6.8;15;20;-3.7;8;5;11.7;N;25.7;N;14;40;1010.3;0;622;14;35;1.5;13;35
2023  9  4;1.8;7.7;15;15;-2.2;3;25;16.1;N;41.8;N;10;55;1015.7;0;538;15;15;1.3;12;25
2023  9  5;1.9;5.6;15;35;-0.6;0;30;6.4;NE;24.1;NNE;16;30;1023.7;0.2;707;12;10;1.4;13;20
2023  9  6;3.3;6.4;13;25;-0.3;2;25;11.1;N;33.8;N;13;0;1026.6;0.2;566;13;50;1.5;13;50
2023  9  7;4;5.2;13;25;2.8;3;50;14.2;N;33.8;N;3;30;1016.7;5.4;190;13;20;1;13;20
2023  9  8;3.3;8.1;16;5;0.4;21;0;6.8;N;19.3;N;0;40;1008.9;0.2;591;13;25;1.7;13;30
2023  9  9;1.3;2.5;12;35;-0.3;7;25;6;N;20.9;N;22;15;1005.4;0.2;352;13;10;1.3;13;10
2023  9 10;3.3;4.8;14;25;2.1;5;30;8.2;N;22.5;N;15;5;1000;1.4;301;15;55;1.2;12;25
2023  9 11;4.4;6.6;17;40;1.7;24;0;8.9;N;24.1;N;11;25;997.7;2.4;345;16;15;0.9;11;25
2023  9 12;3.4;8.8;14;40;-1.7;22;45;10.6;N;40.2;N;16;10;999.4;0.4;615;13;15;1.6;12;55
2023  9 13;4.7;9.6;15;15;-0.2;23;35;17.5;N;48.3;N;11;45;995.6;0;628;14;40;1.5;14;0
2023  9 14;2.8;8.7;16;5;-0.9;2;30;12.1;N;37;N;13;35;985.3;0.8;759;12;55;1.8;13;0
2023  9 15;1.4;7.7;16;0;-3.7;7;45;7.4;N;20.9;N;20;50;981.6;0.2;664;12;30;1.7;12;30
2023  9 16;1.6;5.2;14;50;-1.9;7;30;7.2;N;29;N;10;55;997.4;0;751;12;55;1.9;12;55
2023  9 17;2.4;7.4;13;55;-1.2;7;40;6.6;N;30.6;N;18;55;1012.6;0;789;13;45;2.2;13;40
2023  9 18;2.1;6.5;13;0;-3.1;23;25;6.1;N;22.5;N;12;35;1018.2;0;796;13;0;2.9;12;55
2023  9 19;2.7;8.8;15;50;-3.3;1;25;21.6;N;51.5;N;11;5;1015.8;0;708;13;45;2.6;13;15
2023  9 20;4.1;8.7;16;20;0.6;23;50;33.8;N;74;WSW;16;25;1005.7;0;508;15;40;1.6;15;30
2023  9 21;1.2;7;16;35;-5.2;7;30;11.7;S;38.6;N;11;50;1008;0;679;13;0;3;13;20
2023  9 22;4.7;10.8;16;0;-0.7;4;10;27.4;N;67.6;NNE;14;25;1004.8;0;691;13;40;3.3;13;35
2023  9 23;6.6;12.8;14;30;2;2;45;29.6;N;61.2;N;3;25;1000.4;0;812;13;10;2.8;13;10
2023  9 24;6.8;12.3;13;30;2.8;0;5;26.9;N;61.2;N;17;55;1006.3;0;789;13;30;2.9;13;10
2023  9 25;6.4;12.2;15;10;0.4;7;0;24;N;56.3;N;13;50;1005.2;0;747;15;10;2.4;13;45
2023  9 26;7.1;11.6;13;50;3.1;24;0;26.9;N;66;N;12;10;996.6;0;468;13;50;1.8;13;15
2023  9 27;3.7;6.9;13;30;0.1;24;0;11.3;E;35.4;N;20;30;1002.3;0;613;12;55;2.6;13;10
2023  9 28;5.6;13.1;15;15;-1.6;1;40;22.2;N;56.3;N;12;0;1012.1;0;754;12;40;3.2;12;40
2023  9 29;5.8;12.9;13;35;1.2;6;0;17.9;N;48.3;NNE;13;45;1012.9;0;575;14;50;2.7;12;25
2023  9 30;5.7;7.3;14;30;3.6;5;40;15.3;N;51.5;SW;21;45;998.5;0;227;15;25;1.2;12;5
2023  9  1;1.3;7.8;15;25;-2.6;8;40;15;N;43.5;NNE;17;15;987.9;0.2;522;14;50;1.1;12;55
2023  9  2;1.4;7.8;16;5;-1.9;3;10;15.1;N;40.2;N;10;40;1000.3;0;640;11;50;1.4;13;0
2023  9  3;0.7;6.8;15;20;-3.7;8;5;11.7;N;25.7;N;14;40;1010.3;0;622;14;35;1.5;13;35
2023  9  4;1.8;7.7;15;15;-2.2;3;25;16.1;N;41.8;N;10;55;1015.7;0;538;15;15;1.3;12;25
2023  9  5;1.9;5.6;15;35;-0.6;0;30;6.4;NE;24.1;NNE;16;30;1023.7;0.2;707;12;10;1.4;13;20
2023  9  6;3.3;6.4;13;25;-0.3;2;25;11.1;N;33.8;N;13;0;1026.6;0.2;566;13;50;1.5;13;50
2023  9  7;4;5.2;13;25;2.8;3;50;14.2;N;33.8;N;3;30;1016.7;5.4;190;13;20;1;13;20
2023  9  8;3.3;8.1;16;5;0.4;21;0;6.8;N;19.3;N;0;40;1008.9;0.2;591;13;25;1.7;13;30
2023  9  9;1.3;2.5;12;35;-0.3;7;25;6;N;20.9;N;22;15;1005.4;0.2;352;13;10;1.3;13;10
2023  9 10;3.3;4.8;14;25;2.1;5;30;8.2;N;22.5;N;15;5;1000;1.4;301;15;55;1.2;12;25
2023  9 11;4.4;6.6;17;40;1.7;24;0;8.9;N;24.1;N;11;25;997.7;2.4;345;16;15;0.9;11;25
2023  9 12;3.4;8.8;14;40;-1.7;22;45;10.6;N;40.2;N;16;10;999.4;0.4;615;13;15;1.6;12;55
2023  9 13;4.7;9.6;15;15;-0.2;23;35;17.5;N;48.3;N;11;45;995.6;0;628;14;40;1.5;14;0
2023  9 14;2.8;8.7;16;5;-0.9;2;30;12.1;N;37;N;13;35;985.3;0.8;759;12;55;1.8;13;0
2023  9 15;1.4;7.7;16;0;-3.7;7;45;7.4;N;20.9;N;20;50;981.6;0.2;664;12;30;1.7;12;30
2023  9 16;1.6;5.2;14;50;-1.9;7;30;7.2;N;29;N;10;55;997.4;0;751;12;55;1.9;12;55
2023  9 17;2.4;7.4;13;55;-1.2;7;40;6.6;N;30.6;N;18;55;1012.6;0;789;13;45;2.2;13;40
2023  9 18;2.1;6.5;13;0;-3.1;23;25;6.1;N;22.5;N;12;35;1018.2;0;796;13;0;2.9;12;55
2023  9 19;2.7;8.8;15;50;-3.3;1;25;21.6;N;51.5;N;11;5;1015.8;0;708;13;45;2.6;13;15
2023  9 20;4.1;8.7;16;20;0.6;23;50;33.8;N;74;WSW;16;25;1005.7;0;508;15;40;1.6;15;30
2023  9 21;1.2;7;16;35;-5.2;7;30;11.7;S;38.6;N;11;50;1008;0;679;13;0;3;13;20
2023  9 22;4.7;10.8;16;0;-0.7;4;10;27.4;N;67.6;NNE;14;25;1004.8;0;691;13;40;3.3;13;35
2023  9 23;6.6;12.8;14;30;2;2;45;29.6;N;61.2;N;3;25;1000.4;0;812;13;10;2.8;13;10
2023  9 24;6.8;12.3;13;30;2.8;0;5;26.9;N;61.2;N;17;55;1006.3;0;789;13;30;2.9;13;10
2023  9 25;6.4;12.2;15;10;0.4;7;0;24;N;56.3;N;13;50;1005.2;0;747;15;10;2.4;13;45
2023  9 26;7.1;11.6;13;50;3.1;24;0;26.9;N;66;N;12;10;996.6;0;468;13;50;1.8;13;15
2023  9 27;3.7;6.9;13;30;0.1;24;0;11.3;E;35.4;N;20;30;1002.3;0;613;12;55;2.6;13;10
2023  9 28;5.6;13.1;15;15;-1.6;1;40;22.2;N;56.3;N;12;0;1012.1;0;754;12;40;3.2;12;40
2023  9 29;5.8;12.9;13;35;1.2;6;0;17.9;N;48.3;NNE;13;45;1012.9;0;575;14;50;2.7;12;25
2023  9 30;5.7;7.3;14;30;3.6;5;40;15.3;N;51.5;SW;21;45;998.5;0;227;15;25;1.2;12;5
2023  8  1;2.1;3.9;15;10;-0.5;24;0;23.5;N;62.8;WSW;22;30;971.8;0.6;346;13;20;0.6;13;20
2023  8  2;-0.5;2.4;15;40;-2.8;8;40;27;N;56.3;N;1;25;987.2;0;306;15;25;0.6;13;5
2023  8  3;3.1;5.3;13;55;-0.4;0;15;39.1;N;72.4;WSW;11;20;982;0;336;14;0;0.7;13;0
2023  8  4;0.4;2.4;15;15;-1.4;9;30;30.3;N;74;WSW;4;15;993.7;0;297;13;40;0.6;12;45
2023  8  5;3.5;6.8;13;5;-0.3;23;50;34;N;70.8;N;23;35;984.4;0.4;378;12;55;0.6;12;55
2023  8  6;-0.1;2.6;15;20;-1.8;8;0;33.8;SW;77.2;SW;1;10;1002;0;308;13;15;0.6;12;25
2023  8  7;0.9;5.1;16;5;-1.7;23;20;12.1;WSW;35.4;N;0;35;1014.7;0;288;12;20;0.5;11;40
2023  8  8;1.1;3.4;15;10;-1.3;0;5;5.5;ESE;22.5;SW;18;20;1000.8;0;155;14;40;0;0;5
2023  8  9;2.2;5.6;14;45;-1.4;8;30;8.7;W;29;NNE;18;50;993.6;0.6;188;13;25;0.5;12;45
2023  8 10;2.3;4.4;14;45;0.6;9;30;5.8;SE;30.6;WSW;6;35;993.4;3.4;308;11;45;0.5;12;15
2023  8 11;0.9;3.8;15;35;-1.4;7;5;10.8;SW;32.2;WSW;23;55;1011.1;0;304;13;40;0.6;12;35
2023  8 12;1.6;5.4;14;5;-1.1;24;0;14.5;WSW;33.8;WSW;0;5;1010;0;401;13;55;0.8;12;55
2023  8 13;0.4;3.3;14;5;-1.4;0;20;5.8;NW;22.5;NNW;21;40;995.6;0.4;420;14;0;0.9;14;0
2023  8 14;2.1;5.8;14;45;-1.9;24;0;20;N;46.7;N;15;5;989.4;0.6;406;14;15;0.9;13;0
2023  8 15;-1;2.9;16;10;-3.7;8;30;11.4;SW;33.8;SW;6;30;1005.5;0;503;14;30;1;13;35
2023  8 16;-0.8;5.5;16;30;-5.8;8;30;4.3;WSW;19.3;SW;1;5;1020.3;0.2;359;13;35;0.8;12;30
2023  8 17;-0.3;3.8;13;15;-5.6;8;35;6;WNW;19.3;NNW;3;5;1025.3;0.8;429;13;10;0.8;12;50
2023  8 18;3.2;4.1;11;40;1.9;0;5;10.3;NE;25.7;N;15;15;1021.6;3.6;183;11;40;0;0;5
2023  8 19;3.7;4.7;13;0;3.3;5;30;13.8;NNE;32.2;N;0;20;1012.2;7.2;132;14;5;0;0;5
2023  8 20;3.6;5;13;45;2.8;21;5;12.9;NNE;25.7;NE;12;20;1003.3;2;311;13;45;0.9;13;45
2023  8 21;4.1;4.7;11;20;3.2;0;5;18.5;NE;40.2;NE;22;20;989.3;5.2;67;10;55;0;0;5
2023  8 22;3.1;4.5;12;5;0.6;24;0;11.1;N;45.1;N;23;45;982.8;0.6;431;11;55;0.9;11;50
2023  8 23;0.9;4.2;14;30;-2.9;6;35;21.4;N;54.7;N;15;35;987.8;0.2;399;13;35;1.2;13;20
2023  8 24;0.7;3.2;9;50;-2.7;22;45;34.9;N;82.1;WSW;12;10;990.1;0.2;580;14;55;1.2;13;40
2023  8 25;-0.3;4.6;14;40;-4.4;8;35;22;N;54.7;N;13;45;1007.1;0;548;14;25;1.3;13;10
2023  8 26;2.7;4.8;10;10;-0.3;1;55;16.7;N;38.6;N;5;5;1001.1;0;155;14;50;0.5;12;20
2023  8 27;2.7;6.3;15;5;0.2;5;40;6;N;24.1;N;12;35;992.3;1;381;13;20;1;13;20
2023  8 28;2.9;8.8;16;0;-0.7;23;35;10.3;WSW;37;N;12;30;992.9;0;636;13;25;1.3;13;25
2023  8 29;3.6;6.9;12;50;-0.7;0;15;9.2;NE;24.1;N;12;45;995;0;508;12;35;1.2;12;25
2023  8 30;2.7;8;14;10;0.1;9;10;14.8;N;51.5;NNE;14;0;984.5;0;568;13;50;1.2;13;45
2023  8 31;2.2;5.4;15;0;-0.3;8;0;18.3;N;41.8;WNW;4;25;983.5;0;306;13;0;0.8;11;45
2023  7  1;5.1;6.9;21;5;2.2;9;25;14.6;ENE;48.3;NE;20;20;999.8;1;58;13;50;0;0;5
2023  7  2;5;6.9;1;55;2.4;19;20;18;NE;49.9;NE;0;10;984;1;232;13;15;0;0;5
2023  7  3;3.6;6.4;1;0;-0.7;20;40;13.8;NNW;59.5;NNW;4;40;983.5;0.6;125;13;0;0;0;5
2023  7  4;-0.5;3.6;15;15;-4.8;23;5;5;WNW;25.7;W;2;5;989.9;1;181;13;25;0;0;5
2023  7  5;-2.1;2.1;16;45;-6;8;45;5.3;SSW;16.1;N;11;25;993.9;0.2;225;13;50;0;0;5
2023  7  6;-2.2;1.4;15;20;-5.2;4;30;9.8;SW;24.1;WSW;22;35;1003.5;0.2;250;13;10;0;0;5
2023  7  7;-2.9;1.6;15;50;-6.3;9;25;5.8;SW;16.1;SW;12;35;1011;0.2;253;12;30;0;0;5
2023  7  8;-1.1;4.6;15;55;-4.1;6;15;8.7;SW;22.5;SW;4;15;1013.8;0;341;14;25;0;0;5
2023  7  9;-1.1;2.9;16;30;-5.2;9;40;6.4;SW;16.1;SW;12;5;1013.6;0.2;207;13;15;0;0;5
2023  7 10;-2;2.7;16;25;-5.7;8;40;7.1;SW;16.1;WSW;15;10;1019.9;0.2;206;14;0;0;0;5
2023  7 11;-0.7;1.4;15;25;-3.7;23;50;3.4;SW;12.9;SW;1;15;1023.1;0;100;14;5;0;0;5
2023  7 12;-1.4;3;24;0;-5.8;3;0;4.3;SW;29;NNE;24;0;1022.3;0.4;272;15;0;0;0;5
2023  7 13;2.3;3.7;5;50;-2.4;24;0;8.7;NNE;33.8;N;10;0;1015.4;1.6;67;13;25;0;0;5
2023  7 14;-2.8;-1.3;14;30;-4.7;10;5;4;SW;12.9;SW;2;15;1013.6;0.2;248;14;30;0;0;5
2023  7 15;-1.9;0.8;14;30;-3.9;10;45;11.6;SW;37;WSW;17;35;1011.9;0;236;13;50;0;0;5
2023  7 16;0.1;3.6;15;25;-3.5;0;15;11.7;WSW;30.6;SW;15;45;1017.6;0.2;243;12;50;0;0;5
2023  7 17;2.5;4.2;12;45;0.8;9;15;19.3;WNW;48.3;WNW;21;30;1012.7;0;207;11;55;0;0;5
2023  7 18;2.2;4.9;14;35;0.3;22;25;21.9;WNW;48.3;W;1;0;1007.2;0;279;14;25;0;0;5
2023  7 19;0.5;3.9;15;15;-1.7;21;0;4.7;SW;20.9;NNW;23;45;997.7;0;234;14;40;0;0;5
2023  7 20;-0.1;2.4;14;25;-2.3;5;35;10.5;SE;32.2;SE;20;50;992.7;0;93;13;25;0;0;5
2023  7 21;-2.4;-0.4;13;40;-7.7;23;30;7.1;S;25.7;SE;0;25;996.6;0;120;12;50;0;0;5
2023  7 22;-5.5;0.3;16;35;-8.5;8;45;6.6;SW;20.9;SW;4;20;1006.6;0;295;14;55;0;0;5
2023  7 23;-5.4;0.9;15;55;-9.1;7;50;7.7;SW;19.3;SW;16;15;1020.8;0;288;13;40;0;0;5
2023  7 24;-6.2;0.1;16;30;-11.9;9;40;2.7;SSW;11.3;SSW;6;5;1021.6;0;250;14;25;0;0;5
2023  7 25;-1.8;1.1;15;30;-4.3;10;15;10.1;SW;35.4;W;20;50;1010.4;0;269;15;25;0.5;12;45
2023  7 26;-2.2;2.4;15;5;-5.4;7;20;14.6;SW;35.4;SW;0;15;1013.7;0;258;13;15;0.5;12;35
2023  7 27;-3.2;3.1;15;45;-7.1;5;55;11.1;WSW;38.6;WSW;15;30;1014.5;0;272;14;15;0.5;12;30
2023  7 28;-0.3;3.9;14;50;-6.8;2;10;10.1;NNW;33.8;NNE;13;50;991.4;4;169;16;10;0;0;5
2023  7 29;3.6;7.2;14;0;0.8;21;45;14.5;WNW;43.5;WSW;23;55;970.1;0.2;327;13;55;0.6;13;50
2023  7 30;0.1;2.9;15;35;-2.9;9;35;21.6;WSW;46.7;WSW;14;30;994.6;0;366;12;50;0.5;12;45
2023  7 31;1.1;3.8;17;15;-1.7;8;55;16.3;NE;45.1;NNE;18;0;994.5;4.8;287;14;10;0.6;14;10
2023  6  1;4.1;7.7;14;35;-0.4;9;5;11.4;WSW;43.5;NE;22;55;1000.5;0;188;13;50;0;0;5
2023  6  2;6.4;8.4;13;40;1.5;23;10;17.7;NE;51.5;NE;2;50;986.8;0.6;255;13;30;0;0;5
2023  6  3;2.6;5.1;22;10;-2;9;45;5.6;SSE;24.1;SE;17;15;991.1;0.4;62;14;15;0;0;5
2023  6  4;2.3;5.7;15;25;-1.6;19;55;12.2;SW;38.6;SW;9;0;1004.7;3;176;13;20;0;0;5
2023  6  5;4.2;6.8;14;5;-1.6;0;20;11.3;NE;43.5;NE;7;35;990.1;3.6;113;14;40;0;0;5
2023  6  6;2.9;6.2;15;30;0.4;9;40;16.7;WSW;48.3;ENE;14;20;979.5;0.4;178;12;0;0;0;5
2023  6  7;1.9;5.1;13;55;-1.1;23;20;17.7;WNW;46.7;N;11;0;990;0;179;13;15;0;0;5
2023  6  8;-2.4;-0.3;15;25;-4.9;7;25;6.8;SSW;22.5;WNW;1;40;987.8;0;95;13;55;0;0;5
2023  6  9;-0.9;3.2;15;10;-4.7;2;0;7.9;SW;20.9;SW;6;35;996.1;0.2;258;15;0;0;0;5
2023  6 10;1.5;4.6;21;50;-3.9;1;5;27.5;SW;66;W;14;45;1002;0;74;11;0;0;0;5
2023  6 11;0.3;2.9;14;0;-1.8;22;40;23.3;SSW;54.7;SW;13;30;1005.4;0;185;13;15;0;0;5
2023  6 12;3.1;6.8;15;10;-1.8;2;50;22.7;SW;53.1;SW;15;15;1010.9;0;195;13;30;0;0;5
2023  6 13;1.7;5.5;14;50;-2.4;10;5;6.8;NW;32.2;SW;0;40;1010.5;0.2;213;14;20;0;0;5
2023  6 14;2.2;5.2;15;30;-1.7;8;55;13.2;W;43.5;N;22;40;1003.5;1;162;13;20;0;0;5
2023  6 15;1.7;4.2;14;35;-0.4;7;35;23.8;NW;48.3;NW;14;50;1011.1;0;232;14;15;0;0;5
2023  6 16;3.6;6.8;14;0;1.3;20;30;25.4;NW;54.7;WNW;2;55;1011.3;0;229;13;30;0;0;5
2023  6 17;2.9;6.2;14;30;-0.9;23;30;16.6;WNW;40.2;NW;11;55;1002.7;0;227;14;10;0;0;5
2023  6 18;0.8;3.6;14;30;-2;9;20;20;WNW;49.9;N;14;40;1006.4;0;179;13;15;0;0;5
2023  6 19;3.7;6.8;14;30;0.9;23;55;27.2;WNW;54.7;NNE;15;15;1014.9;0;193;14;35;0;0;5
2023  6 20;1.2;5.2;15;5;-1.9;9;30;8.9;NNW;35.4;NW;1;20;1008.9;0;165;14;10;0;0;5
2023  6 21;-0.4;1.6;6;10;-3.4;1;55;5.5;N;20.9;WNW;14;5;994.1;0.2;165;14;35;0;0;5
2023  6 22;1.7;3.4;12;25;-1.9;0;5;6.9;SE;30.6;ESE;12;40;987;0.8;72;14;15;0;0;5
2023  6 23;-1.2;1.3;0;5;-5.5;24;0;9.2;SE;24.1;ESE;8;25;999.2;0.2;178;13;15;0;0;5
2023  6 24;-1.7;1.2;24;0;-5.5;0;5;1.6;S;11.3;SE;0;25;1004.7;0;97;14;15;0;0;5
2023  6 25;-1.1;1.6;1;25;-4;10;25;5.8;SW;25.7;ESE;22;50;1001.5;0.2;186;13;5;0;0;5
2023  6 26;-0.1;1;0;10;-1.8;9;50;11.9;SE;30.6;SE;6;40;1007.2;0;204;12;25;0;0;5
2023  6 27;-2;0.6;15;25;-4.8;8;45;5.1;SSW;20.9;SE;0;35;1015.1;0;239;14;30;0;0;5
2023  6 28;-1.9;1.8;23;50;-3.2;10;25;6.9;SE;20.9;SE;21;5;1022;0;95;15;5;0;0;5
2023  6 29;3.4;4.8;15;5;0.9;22;50;9.2;NE;32.2;NE;6;35;1016.6;1.6;70;13;40;0;0;5
2023  6 30;3.6;5.4;23;10;1.2;9;30;7.2;NNE;24.1;NE;17;45;1010.4;0;186;13;30;0;0;5
2023  5  1;3;6.5;14;40;-0.4;9;10;32.3;WSW;74;W;15;15;995.5;0;455;13;25;0.7;12;55
2023  5  2;6.6;11.2;15;25;1.7;1;5;29.6;WNW;67.6;W;17;15;994;0;388;15;0;0.7;13;35
2023  5  3;8.1;13.3;15;0;4.7;4;50;23.7;NW;61.2;WNW;15;10;982.5;0.6;355;13;35;0.7;12;40
2023  5  4;6.6;10.7;14;55;4.3;24;0;14.6;W;46.7;N;15;30;1000.7;0.2;388;13;55;0.8;13;15
2023  5  5;7.8;15.2;15;25;3.3;3;55;25.7;NW;74;W;15;35;994.5;0.8;258;12;45;0.7;12;45
2023  5  6;5.8;9.9;14;50;2.7;4;0;27.5;N;61.2;WSW;10;50;997.7;0;320;14;45;0.7;13;0
2023  5  7;7.3;12.8;16;0;3.4;24;0;20.8;WNW;49.9;NW;2;5;1010.2;0;309;13;50;0.6;12;45
2023  5  8;4.5;9.5;14;50;-0.2;8;55;13.4;NNW;46.7;N;23;30;1005.3;0.2;336;13;20;0.6;12;45
2023  5  9;2.3;7.7;14;40;-4.7;23;35;15.8;SW;43.5;N;0;15;1015.6;0;323;14;15;0.6;13;55
2023  5 10;1.1;7.8;21;50;-6.4;8;0;12.1;NNE;43.5;NE;19;35;1012.3;1;207;11;50;0.5;12;15
2023  5 11;6;8.1;14;50;3.2;4;35;14.8;WNW;35.4;WNW;7;20;998.2;1.2;188;14;35;0;0;5
2023  5 12;3.5;7.2;0;5;-1.7;23;45;22;SW;51.5;SE;14;45;1000.4;0;341;13;15;0.5;12;40
2023  5 13;2.3;7.2;16;15;-3.3;6;20;9.5;SW;32.2;NNE;15;20;1001.6;5.2;149;12;35;0;0;5
2023  5 14;3.7;7.3;23;20;-0.2;7;35;8;SW;29;NE;23;30;1003.4;0.2;185;11;40;0;0;5
2023  5 15;8.7;14.3;15;55;5.4;23;55;13.5;NNE;40.2;NNE;17;15;992.5;1.8;322;12;45;0.6;13;5
2023  5 16;4.4;6.4;1;35;2.4;23;30;11.1;NNW;38.6;ESE;3;5;988.1;11.2;279;13;30;0.5;13;0
2023  5 17;3.8;6.4;21;10;0.6;9;5;20.4;WNW;61.2;NW;22;35;983.7;0;262;13;55;0;0;5
2023  5 18;4.1;7.1;15;10;0.3;24;0;21.4;N;57.9;N;14;35;986.2;0;313;13;55;0;0;5
2023  5 19;2.5;6.3;15;20;-0.7;1;0;20.3;SW;46.7;N;19;25;1000.3;0;343;13;35;0.5;13;35
2023  5 20;4.6;7;12;50;1.5;6;20;10.5;NNE;33.8;NW;9;15;993.4;0;258;12;45;0;0;5
2023  5 21;0.7;4.9;15;20;-2.5;7;15;10.6;SW;33.8;W;13;35;988;0.2;211;12;55;0;0;5
2023  5 22;0.5;5.3;14;35;-4.3;8;50;7.4;SSW;19.3;WNW;14;20;1000.8;0;214;13;30;0;0;5
2023  5 23;6.1;7.8;13;0;3.1;23;30;17.4;NE;40.2;NE;11;45;993;6;127;15;0;0;0;5
2023  5 24;3.3;7.1;13;45;0.6;7;0;11.1;W;38.6;ENE;13;10;981.9;1.2;91;13;35;0;0;5
2023  5 25;1.3;3.6;13;0;-0.4;24;0;13.5;S;49.9;NNE;0;25;980.7;0.2;239;12;30;0;0;5
2023  5 26;0.7;3.8;15;20;-1.6;2;35;21.1;WSW;48.3;N;14;15;995.7;0;279;13;30;0;0;5
2023  5 27;3.4;5.3;16;0;1.4;0;50;30.9;N;62.8;SSW;4;0;1007.7;0;93;15;10;0;0;5
2023  5 28;5.4;9.3;16;15;2.3;0;45;18.5;SW;45.1;N;9;50;1005.7;0;206;14;45;0;0;5
2023  5 29;7.1;9.8;16;20;4;23;50;13.5;WNW;38.6;WNW;11;35;1002.1;0.4;271;13;35;0;0;5
2023  5 30;5.2;7.6;15;35;2.3;0;35;4;ENE;17.7;ENE;15;35;989.3;3.2;174;15;30;0;0;5
2023  5 31;5;8.1;15;0;2.7;9;45;15.9;WSW;53.1;N;2;5;994.8;0.2;176;12;5;0;0;5
2023  4  1;6.3;12.7;17;20;3.3;1;50;9.7;SE;33.8;SW;13;55;995.2;0;520;15;45;1.2;15;40
2023  4  2;7.1;14.4;12;55;0.6;7;55;17.7;N;43.5;N;14;50;1006.2;0;622;12;50;1.7;12;45
2023  4  3;9.7;12.8;14;0;6.1;24;0;21.4;NNE;62.8;WSW;21;5;998.8;0;552;14;40;1.5;12;50
2023  4  4;7.2;12.7;13;55;0.4;5;10;16.9;N;46.7;N;15;45;1002.6;0;469;13;20;1.4;13;20
2023  4  5;10;15.3;14;40;3.7;24;0;23.8;N;64.4;W;15;5;993.5;0.6;531;13;40;1.4;13;55
2023  4  6;5.3;11.6;14;5;-1.3;7;15;14.8;N;43.5;NNW;13;20;1002.1;0.4;612;14;5;1.5;13;25
2023  4  7;5;11.1;15;10;0;7;55;27.8;WNW;75.6;W;12;40;999.5;0;610;11;40;1.4;13;35
2023  4  8;6.4;13.1;14;45;1.7;23;30;33.2;NW;83.7;WNW;14;35;995.8;0;570;12;20;1.3;12;10
2023  4  9;2.7;7.6;14;10;-0.8;6;35;27.4;S;57.9;N;14;40;1003.9;0;480;14;10;1.3;13;25
2023  4 10;5.7;10.8;14;25;0.7;0;5;29.9;N;64.4;N;15;30;1007.8;0;647;12;45;1.5;12;45
2023  4 11;3.6;7.3;15;20;-1.8;22;5;12.9;SSE;43.5;WSW;0;55;1011.9;2.2;582;12;35;1.3;12;35
2023  4 12;1.2;6.5;14;50;-4.2;8;55;6.6;SW;19.3;SW;2;15;1022.5;0;538;11;55;1.1;11;55
2023  4 13;3.1;11.7;14;45;-1.7;3;20;10.3;SSW;24.1;WSW;13;55;1018.3;0;420;13;25;1.3;12;45
2023  4 14;3.3;10.4;14;55;-1.8;2;45;17.5;SW;49.9;WSW;12;35;1012.8;0;547;13;5;1.4;13;20
2023  4 15;5.9;11;13;50;0.7;0;5;15.8;NW;48.3;NNE;13;20;1011.8;0.2;513;13;45;1.3;13;25
2023  4 16;5.7;9.7;14;20;0;22;10;21.4;SW;51.5;N;16;35;1007.5;0;438;14;20;1.1;13;20
2023  4 17;2.4;3.6;9;15;0.3;22;20;18;NW;45.1;NW;11;10;995.1;2.4;98;13;25;0.5;13;0
2023  4 18;4.9;10.3;15;45;-0.3;3;25;10.5;SW;32.2;SW;14;20;989.2;0.6;459;14;10;1.2;13;35
2023  4 19;8.3;13.7;14;25;3.8;22;5;28.8;WSW;75.6;N;17;15;989.7;0;490;14;25;1.2;14;15
2023  4 20;5.4;8.4;20;55;1.2;7;20;20.8;NW;56.3;WSW;0;15;992.7;0.6;264;10;30;0.6;13;40
2023  4 21;4.7;9.2;14;40;0.9;8;0;28.8;WSW;59.5;WSW;15;15;998.5;0;482;13;30;1;13;0
2023  4 22;7.8;12.7;20;45;2.4;0;5;25.6;NW;56.3;NNW;15;35;996.8;0;334;15;30;0.6;12;45
2023  4 23;6.2;10.9;15;15;1.4;7;5;22.2;W;54.7;N;2;15;1001.1;0;374;15;15;0.9;12;30
2023  4 24;5;7;14;50;2.6;23;55;7.2;W;32.2;SSW;23;5;996;1;134;13;55;0.6;13;45
2023  4 25;4.9;9.2;15;15;1.4;6;45;21.2;SW;51.5;N;13;35;1003;0;348;13;10;0.9;12;40
2023  4 26;6.1;10.9;14;40;3.4;3;30;21.6;WNW;54.7;NNE;12;30;1002;0;376;13;25;0.8;13;5
2023  4 27;6.1;9.2;14;35;-0.1;24;0;27.5;N;69.2;WSW;14;40;990.8;0;364;14;10;0.8;13;0
2023  4 28;2.1;5.4;23;10;-1.9;3;40;10.8;ESE;37;ESE;20;0;990.6;5.6;95;15;0;0;0;5
2023  4 29;3.6;6.8;14;30;-2.4;23;40;14.2;SSE;41.8;S;14;35;989.5;2.2;422;14;50;0.7;13;45
2023  4 30;1;5.8;14;55;-4.6;8;10;15.8;NW;49.9;NNW;24;0;999.3;0;436;13;30;0.9;13;30
2023  3  1;7.2;12.9;14;5;1.7;23;35;35.4;WNW;74;N;14;50;988.5;0;886;13;50;3.4;13;25
2023  3  2;6.6;14.1;18;35;0.9;5;45;24.9;NW;67.6;WSW;21;25;984.6;1.2;733;16;20;2.3;16;20
2023  3  3;6.7;12.6;14;30;1.8;7;25;35.6;N;74;W;16;50;984.2;0;942;13;5;3.5;13;25
2023  3  4;6.4;12.7;15;35;0.6;23;35;25.3;W;56.3;SW;13;40;998.4;0;796;13;0;3.1;13;20
2023  3  5;4.1;11.1;17;55;-3.7;6;40;16.1;ENE;48.3;ENE;16;20;991.3;6;392;17;50;0.9;11;30
2023  3  6;7.4;13.1;19;0;2.3;7;30;22.5;W;49.9;N;15;20;985.7;0;870;13;30;3.3;13;25
2023  3  7;7.6;14.1;16;15;1.5;7;35;26.4;N;61.2;NNE;17;20;993.9;0;916;12;10;3.1;12;55
2023  3  8;5.3;11.3;15;35;-1.5;5;15;11.3;W;49.9;WSW;0;30;999.9;0;889;15;15;2.7;14;55
2023  3  9;6.5;12.6;17;45;-1.3;4;35;16.7;N;49.9;N;12;50;998;0;396;17;10;1.2;15;10
2023  3 10;11.2;17.4;14;40;4.5;23;50;24.6;NW;66;NNW;10;40;988.9;0;833;12;5;2.2;12;5
2023  3 11;7.3;15.4;14;30;-0.7;6;55;22.5;N;54.7;N;17;45;993.1;0;777;12;35;2.5;12;45
2023  3 12;10.2;18.1;15;50;2.8;7;15;24.8;WNW;67.6;W;12;35;991.1;0;677;12;15;2.6;13;5
2023  3 13;8.6;14.4;15;50;2.3;7;35;19.5;W;53.1;WSW;2;25;1000;0;712;13;30;2.6;13;20
2023  3 14;7.4;13.4;14;20;2.3;23;45;20.8;WSW;77.2;WSW;16;40;988.5;0.6;647;15;45;2;13;0
2023  3 15;6.6;13;13;50;-1.4;4;25;17.2;N;45.1;NW;10;40;1002.2;0;729;13;0;2.4;13;10
2023  3 16;7.7;11.7;14;5;3.5;24;0;26.9;NW;64.4;N;14;50;997.5;0;798;12;0;2.2;13;30
2023  3 17;7.2;13.7;16;0;2.3;2;0;22.2;SW;54.7;WSW;18;0;1005.3;0.8;810;13;50;2.5;13;45
2023  3 18;8.6;14.4;13;50;4;2;0;27.7;WSW;62.8;W;15;50;1010.1;0;729;14;0;2.5;13;40
2023  3 19;7;11.2;14;35;2.7;7;25;32.7;WSW;72.4;SW;13;0;1001.8;0;717;12;40;2.3;13;0
2023  3 20;10.6;15.3;16;5;5.6;0;5;43;WSW;78.9;WSW;13;55;1003.2;0;589;13;35;2.2;13;25
2023  3 21;10.4;14.5;14;55;8.4;9;10;35.4;WNW;74;WNW;18;50;1004.5;0;540;14;45;2.2;14;45
2023  3 22;9.2;15.6;12;55;3.2;23;50;33.6;NW;77.2;N;13;5;997.1;0;663;12;50;2.1;12;45
2023  3 23;6.5;12.8;15;30;0.2;7;20;22.2;WSW;54.7;WSW;1;20;1009.7;0;686;13;45;2.2;12;50
2023  3 24;9.3;16.9;13;35;3.7;23;55;25.3;N;69.2;N;13;45;999.4;0;619;12;55;2;12;55
2023  3 25;8.5;15.2;15;45;2;3;25;34.3;WNW;75.6;WNW;17;30;1003.1;0;710;12;50;2;12;55
2023  3 26;7.6;11.9;14;35;3.2;7;30;26.4;W;62.8;WSW;13;50;999.1;0;601;13;25;1.9;13;20
2023  3 27;3.7;5.3;12;50;1.1;24;0;12.9;SE;45.1;SW;21;20;982;12.2;153;14;5;0.8;13;45
2023  3 28;2.2;7.7;15;45;-2.1;8;0;19.5;WSW;43.5;WSW;16;30;987.6;0.2;642;12;55;1.7;12;55
2023  3 29;1.9;8.8;14;50;-2.4;3;10;11.3;SW;37;SW;14;50;999.3;0;547;14;15;1.6;12;45
2023  3 30;2.2;10;14;50;-4.3;8;25;15.1;WSW;45.1;SW;17;35;1009.5;0;529;14;30;1.8;14;20
2023  3 31;7.1;14.3;15;20;0.7;0;5;18;WNW;38.6;NW;1;50;1008.4;0;631;14;15;1.9;14;15
2023  2  1;15.3;20.1;16;5;11.8;1;10;31.5;WNW;59.5;WNW;9;40;1007.4;0;729;13;45;4;13;45
2023  2  2;15.7;24.1;16;10;10.3;7;15;19.3;W;51.5;W;20;20;1009.2;0.0  1;107;14;15;5.8;13;50
2023  2  3;15.4;24.4;14;50;7.9;3;30;31.1;WNW;85.3;WSW;16;50;1005.2;0.2  1;85;14;10;6;14;15
2023  2  4;10.3;14.7;11;40;6.2;6;35;23.2;WNW;53.1;WNW;11;15;1000.7;5.2;390;11;5;2;11;5
2023  2  5;10.2;14.3;16;15;5.3;23;15;45.4;SW;103;0  WS;W;8 5;5  990.;6  0.2;963;13;50;4.6;13;15
2023  2  6;13.3;20.1;18;5;5.1;0;25;31.2;WNW;72.4;WSW;12;55;997.9;0;918;12;35;5.2;14;25
2023  2  7;12.5;19.3;16;45;5.2;5;15;25.7;W;61.2;W;17;5;1003.6;0.2;965;14;35;4.7;14;35
2023  2  8;13.3;18.1;20;10;10.1;24;0;19.2;N;53.1;WSW;20;20;993.7;0;858;11;15;3.5;11;15
2023  2  9;12.2;18.4;11;35;5.3;5;35;21.2;W;53.1;W;11;5;994.2;1.4;919;11;40;4.5;14;50
2023  2 10;8.8;12.8;15;45;3.5;6;40;15.3;NNE;43.5;NNE;14;30;991.3;1.4;434;15;40;2.2;15;40
2023  2 11;9.2;15.2;13;45;2.1;6;45;16.7;NW;48.3;WNW;13;45;990.4;0.2;939;12;25;4.5;13;45
2023  2 12;9.3;15;16;15;2.9;23;20;23.2;WSW;56.3;WSW;13;0;989;0.2;886;13;15;4.3;13;0
2023  2 13;8.2;14.3;15;10;0.8;6;35;12.9;NW;35.4;NNW;18;0;988;1.2  1;76;14;55;4.4;14;55
2023  2 14;7.2;12.9;17;20;2.7;6;55;20.4;SW;54.7;WSW;18;5;992.1;0.4;874;12;35;3.7;12;30
2023  2 15;5.4;12.6;14;15;0.2;6;10;19.6;SW;54.7;S;14;55;999.8;0;986;12;10;4.2;13;50
2023  2 16;6.2;13.8;15;15;-3.2;2;5;14.8;SSW;37;SW;5;55;1018.1;0.0  1;90;13;30;4.6;13;30
2023  2 17;10.3;18.2;17;15;5.4;23;25;18.3;WNW;45.1;SW;15;15;1014.8;0.2  1;2;15;10;4.7;14;25
2023  2 18;10.1;16.9;16;55;2.8;6;15;18.7;WSW;43.5;SW;15;45;1006.3;0;947;14;40;4.3;13;5
2023  2 19;9.2;14.4;13;20;4.1;23;55;22.5;WSW;59.5;WSW;17;45;1003.2;0.4;819;13;25;3.8;14;0
2023  2 20;9.7;17.1;17;35;2.4;0;35;22.5;NNW;54.7;W;17;45;999.6;1.8;381;14;35;2.4;14;35
2023  2 21;12.9;17.4;15;20;6.2;22;35;31.4;NW;74;WNW;10;25;991.4;0.2;761;12;15;3.7;13;50
2023  2 22;8.7;13.8;14;20;2.6;24;0;31.7;WSW;95;W;10;20;993.1;0;860;14;20;3.7;14;0
2023  2 23;7.4;13.9;15;0;0.7;6;40;29.8;WSW;72.4;SW;14;0;999.3;0.0  1;63;14;0;4.2;13;45
2023  2 24;10.4;16.8;16;5;4.9;23;0;13.7;WSW;56.3;SW;16;20;987.7;4.4;875;14;45;4.5;13;55
2023  2 25;10.2;15.4;16;15;5.8;0;5;34.6;WSW;72.4;WSW;17;35;985.2;0;861;16;5;3.2;13;35
2023  2 26;9.2;14.8;16;35;3.8;3;25;19.3;WNW;48.3;WNW;16;55;993.2;3.2;598;12;45;3.1;12;45
2023  2 27;12.5;17.1;15;20;8.5;24;0;36.9;WSW;83.7;SW;11;55;988.3;0;752;11;30;3.6;13;50
2023  2 28;10.2;15.2;13;0;3.3;23;50;30.1;N;86.9;W;16;10;988.6;3.4;830;13;0;3.7;14;5
2023  1  1;10.9;16.2;19;5;5.9;6;5;39.9;WNW;74;WNW;18 1;0;985.1;0.2;970;10;50;4.2;12;15
2023  1  2;9.7;14.8;16;15;5.2;24;0;46.4;WSW;88.5;SW;13 4;5;984.3;0.0  1;62;13;40;6.1;13;25
2023  1  3;9.7;14.4;13;0;4.9;2;25;32.5;WSW;82.1;WSW;15 1;5;992.2;0.0  1;44;13;20;6.5;13;5
2023  1  4;11;16.2;16;35;4.7;5;20;23.4;SW;80.5;SW;8;0;994.9;1.2  1;140;13;20;6.8;13;45
2023  1  5;11.3;17.3;12;40;5;2;15;13.6;NNE;33.8;NNE;18 3;5;995.7;7.0  1;64;12;40;6.2;12;40
2023  1  6;12.6;16.9;12;30;7.3;23;25;23.6;N;56.3;WNW;3;5;997.8;0;865;15;5;5.2;15;5
2023  1  7;13.8;22.1;17;25;6.5;4;30;16.7;WSW;61.1;SW;12 5;5;1003.5;0.6;967;12;25;5.9;12;25
2023  1  8;12.3;16.7;14;45;7.5;5;10;12.2;E;35.4;ESE;22 5;0;1005;0;882;14;30;6.1;13;10
2023  1  9;13.5;19.7;13;10;7.9;24;0;30.6;WSW;74;WSW;12 4;0;1000.2;0;925;13;20;5.8;13;0
2023  1 10;11;15.9;13;15;4.7;6;15;15.8;SW;38.6;NE;18 1;0;1017.2;0;874;10;10;6.2;13;10
2023  1 11;11.9;19.1;15;25;3.3;4;20;13;SW;48.3;WSW;19 4;5;1013.4;0.0  1;163;13;35;7.4;13;35
2023  1 12;13.7;20.4;17;35;5.3;6;5;12.3;WNW;57.9;W;18 4;0;1002.9;0.2;847;11;45;5.6;11;45
2023  1 13;14.1;20.8;12;30;7;23;55;35.2;WNW;74;WSW;14 5;0;993.3;0.2  1;60;12;40;6.4;12;30
2023  1 14;9.9;14.4;12;50;4.3;6;10;33.1;WSW;61.1;WSW;12;5;1002.6;0;916;12;50;5.4;12;50
2023  1 15;13.1;17.8;17;40;9.6;5;15;34;WNW;74;W;18 3;0;1002.7;0.2;821;10;40;4.1;12;35
2023  1 16;11.6;15.2;14;45;6.3;24;0;36.3;WSW;72.4;WSW;15 5;5;1003.6;0.0  1;65;13;55;5.5;12;55
2023  1 17;12.2;21.3;16;20;5.3;2;45;27.9;W;59.5;NNW;12 3;5;1012.2;0;863;12;55;5.7;12;55
2023  1 18;16.9;24.4;15;55;8.7;5;50;24.9;WSW;72.4;SW;13 4;0;1009.4;0.8  1;87;15;10;6.7;13;25
2023  1 19;13.9;23.4;12;40;5.9;5;35;12.6;WSW;43.5;WNW;15 3;0;1008.3;2.2  1;137;12;40;7.3;12;40
2023  1 20;11.8;15.1;12;15;8.6;4;40;9.7;ENE;32.2;NE;17 4;5;1010.9;0;810;12;20;5.4;12;30
2023  1 21;12;19.1;18;25;8.3;23;50;13;WSW;49.9;SW;20 4;0;1004.6;0.4;708;16;40;3.3;15;40
2023  1 22;10.7;18.9;15;45;2.3;5;35;17.7;SW;49.9;N;18 5;0;1006.8;0;853;14;30;5.6;13;45
2023  1 23;11.4;14.4;19;55;7.1;24;0;22.9;NE;66;WSW;20;5;992.6;0;559;14;35;3.8;14;35
2023  1 24;9.6;16.4;15;20;1.2;5;10;22.5;NW;62.8;W;13 4;5;989.4;0.0  1;11;13;30;4.8;13;0
2023  1 25;12.5;18.6;13;55;6.3;23;45;32.1;WNW;69.2;SW;17;0;985.9;0;990;13;50;5.1;13;10
2023  1 26;9.6;15.1;12;55;3.8;5;40;35.2;WSW;75.6;WSW;13 2;5;990.5;0;939;13;0;4.2;12;50
2023  1 27;11;19;15;50;3.9;4;40;28.8;WNW;64.4;W;12 4;0;997.6;3.2;916;15;40;4.2;13;0
2023  1 28;14.8;21;16;10;8.9;6;15;34.2;WNW;72.4;WNW;14 4;5;995.3;0.2;961;13;45;5.6;13;45
2023  1 29;13.4;19.6;15;50;6.6;4;40;25.3;NW;62.8;W;13;5;998.8;0.0  1;46;12;0;4.9;12;50
2023  1 30;11.3;16.7;15;40;6.3;24;0;28.9;WSW;67.6;WSW;13 2;5;1002.2;0;919;16;5;4.8;13;25
2023  1 31;12.1;17.9;16;50;5.6;6;15;28.5;WNW;64.4;W;11 4;0;1009.6;0;812;12;35;4.1;12;35
2022 12  1;10.9;15.1;9;45;7.2;3;50;34.9;NW;75.6;NW;9;10;991;2;573;9;20;3;10;30
2022 12  2;10.7;18.4;11;35;3.9;23;30;31.7;NW;85.3;W;15;35;984;0.4  1;60;14;10;6.9;12;40
2022 12  3;7.3;14.5;15;40;-0.5;2;45;32.5;WNW;74;W;14;40;989.8;0.0  1;85;12;35;6.2;12;55
2022 12  4;8.9;17.1;15;40;2.4;3;40;33.3;NW;74;WSW;14;20;987.4;0.0  1;111;12;55;7.1;12;55
2022 12  5;8.1;14.2;13;0;2.9;4;45;28.3;WSW;66;WSW;11;15;987.9;0.0  1;174;13;15;6.4;13;10
2022 12  6;6.9;13.3;15;30;0.2;5;20;29;WSW;66;W;13;55;998.6;0.0  1;58;11;40;6.5;13;15
2022 12  7;7.4;13.8;16;35;-0.4;1;40;24.3;W;61.2;WNW;15;55;1000.2;0.0  1;260;13;35;6.7;13;25
2022 12  8;6.9;12.7;15;40;-0.7;4;50;11.9;NNE;33.8;NNE;15;50;990.5;0.0  1;248;13;20;6.2;13;20
2022 12  9;9.1;15;19;35;5.6;6;0;14.6;N;46.7;NNW;17;55;996.1;0.0  1;165;14;15;6.2;13;50
2022 12 10;10.9;19.1;15;35;3.6;6;45;16.4;WSW;54.7;WSW;17;45;1001;0.0  1;79;14;5;6.7;14;10
2022 12 11;8.2;12.7;12;25;0.9;4;35;18.2;SW;45.1;NNE;15;5;1002.3;0;912;12;50;5.8;12;50
2022 12 12;8.9;15.8;11;15;3.1;5;15;17.2;W;61.2;N;10;40;996.3;2;993;11;15;5.5;11;15
2022 12 13;9.7;16.3;15;10;2.7;5;35;26.4;WSW;66;SSW;16;50;993.5;0.0  1;202;13;5;6.7;13;0
2022 12 14;9.6;16.3;16;5;2.8;5;30;26.2;W;70.8;SW;16;55;1000.2;0.0  1;153;13;55;6.5;13;50
2022 12 15;12.4;20.3;15;5;4;3;5;26.2;NW;59.5;WNW;16;10;1006.7;0.2  1;46;14;55;6.7;13;20
2022 12 16;11.5;13.4;12;0;8.8;0;55;15.1;NNW;37;NNW;12;10;999.5;2.2;457;13;55;4;13;55
2022 12 17;12.4;16.8;16;20;8.3;5;55;28.3;WNW;74;WSW;12;45;991.8;3.6  1;60;12;20;6.9;13;30
2022 12 18;12.7;17.9;16;50;6.8;5;0;27.4;W;59.5;W;8;40;1001.1;0.0  1;120;14;5;6.5;14;5
2022 12 19;12.6;20.7;16;50;6.3;5;30;23.3;WNW;54.7;N;13;15;1006.7;0.0  1;41;14;15;6.7;14;15
2022 12 20;12.7;22.3;17;55;6.1;1;20;10.8;ENE;43.5;W;17;40;1003.3;0.0  1;23;13;15;6.8;13;15
2022 12 21;10.5;12.8;13;40;7.2;4;40;10.8;E;29;ENE;7;35;1000.7;0;526;13;40;3.8;13;40
2022 12 22;10.7;13.6;16;40;9.4;23;15;16.1;ESE;43.5;ESE;16;55;989.5;0;856;16;20;4.7;15;25
2022 12 23;11.4;15.8;17;40;8.3;23;5;20.3;SSW;62.8;WSW;19;30;999.7;0.2  1;83;13;0;6.7;13;5
2022 12 24;11.4;20.5;15;20;7.1;2;15;26.6;NW;74;W;19;35;1010.4;8.4;972;13;45;7.4;12;50
2022 12 25;13.1;19.4;16;0;5.7;3;40;27.7;W;59.5;SW;11;55;1011.6;0;904;13;15;6.6;13;15
2022 12 26;10.9;16.4;12;10;4.7;23;50;32.7;WSW;86.9;WSW;15;40;992.1;0.4  1;97;12;5;6;12;55
2022 12 27;8.1;14.1;15;25;3.2;24;0;36.7;WSW;75.6;WSW;16;25;1000;0.0  1;30;12;50;6.2;12;50
2022 12 28;7.9;14.9;18;35;2.3;2;25;28.8;W;74;W;18;35;997.1;4;765;17;20;5.7;14;10
2022 12 29;9.7;14.9;15;0;4.9;3;40;50.1;WSW;103;0  WS;W  1;3;0  991.;5  0.0;956;14;45;6.1;12;45
2022 12 30;10.4;16.1;16;35;5;23;40;36.9;WSW;75.6;SW;15;5;995.2;0.0  1;208;13;35;6.7;13;30
2022 12 31;8.4;13.2;11;40;4.7;2;45;18.2;NE;61.2;WNW;23;20;993.4;3.8;911;11;35;5;11;35
2022 11  1;8.5;14.4;15;15;1.2;5;5;33;WSW;72.4;SW;12;10;1010.7;0;870;12;30;5.5;12;30
2022 11  2;10.3;17.7;14;50;-1.3;4;30;26.1;WNW;69.2;WNW;18;15;1015.8;0;765;9;40;4.6;11;30
2022 11  3;11.5;19.4;16;55;3.3;6;30;23;WNW;53.1;WNW;17;5;1012.1;0;809;12;50;6.5;12;50
2022 11  4;14.2;17;15;30;11.5;23;10;23.3;WSW;51.5;WSW;13;25;1005.8;0;712;11;25;4.4;11;30
2022 11  5;14.4;23.6;12;40;7.6;24;0;25.6;N;54.7;WNW;4;55;1010.2;0;810;13;10;6.3;12;50
2022 11  6;8.9;13.2;13;50;4.7;2;15;10.6;E;37;ESE;17;10;1005.9;0;773;11;15;4.9;14;10
2022 11  7;10.8;18.2;10;35;4.1;4;0;17.5;N;46.7;WNW;23;25;1003.2;0.4;789;14;45;4.7;14;55
2022 11  8;11.4;15.8;14;40;6.2;4;45;29.1;WNW;56.3;WSW;11;20;997.7;0.0  1;27;13;15;5.7;13;15
2022 11  9;10.4;15.4;14;35;2.6;24;0;28.6;WSW;61.2;WSW;15;30;999.3;0;944;13;15;5.2;13;15
2022 11 10;7.4;15.3;16;20;-1.8;3;50;20;W;46.7;WSW;10;40;1010.5;0;974;13;20;5.3;13;10
2022 11 11;7.7;11.6;14;5;1.9;6;10;14;NNE;35.4;SE;10;5;1012.2;1.0  1;102;12;50;5.3;12;45
2022 11 12;7.2;11.6;11;50;0;5;5;15;NNE;40.2;NNE;16;35;1013.2;0;819;13;0;5;12;50
2022 11 13;7.4;14.7;15;45;-1.2;5;30;11.6;N;41.8;N;18;10;1003.5;0;958;12;50;5.5;12;55
2022 11 14;7.3;9.4;17;40;5.4;2;35;10.3;E;24.1;ESE;13;50;994.3;0;610;14;50;5.5;14;45
2022 11 15;10.2;15.9;12;30;3.7;2;40;17.4;WNW;45.1;W;23;20;992.3;0;988;14;35;4.7;14;35
2022 11 16;10.1;16.5;17;50;3.2;4;30;25.3;W;61.2;WNW;12;45;1003.2;0.0  1;116;14;10;5.5;12;15
2022 11 17;11.5;17.9;14;15;6.4;23;55;26.9;W;74;W;13;10;997.4;0.2  1;125;12;50;5.2;12;50
2022 11 18;10.3;17.1;13;25;3.3;4;40;23.5;NW;66;WNW;13;0;999;0;708;11;30;4.1;13;20
2022 11 19;10.3;15.5;13;15;5.4;23;35;31.2;WSW;74;W;6;30;993.3;0.0  1;106;13;10;5.3;13;15
2022 11 20;9.7;15.8;13;0;3;5;20;32.7;NW;70.8;W;10;40;1008.3;0.0  1;93;13;0;5.9;13;45
2022 11 21;8.6;13.4;12;5;2.9;5;15;16.3;N;41.8;W;23;15;1003.5;1.2  1;18;11;55;5.7;11;55
2022 11 22;11.3;17.9;12;40;6.5;5;25;21.1;WNW;54.7;WNW;12;45;993.4;0.6  1;144;12;35;6.2;13;10
2022 11 23;9.3;15.1;15;0;3.4;23;20;35.2;WSW;82.1;W;10;40;987.4;0.2  1;129;12;10;6;13;40
2022 11 24;9.4;16.9;15;25;1.5;2;10;39.6;WNW;82.1;WNW;17;55;997.4;0;979;12;20;7;12;35
2022 11 25;10.4;16.2;12;35;4.3;24;0;36.2;NW;77.2;SW;15;20;994;0.0  1;167;12;35;7.2;12;45
2022 11 26;9.3;15.6;15;50;1.7;2;40;35.7;N;70.8;WSW;11;0;1010.4;0.0  1;4;16;5;7.5;12;5
2022 11 27;11;19.8;17;15;1.8;5;45;22;W;45.1;W;9;40;1015.2;0;856;13;5;7.2;13;5
2022 11 28;10.4;15.8;16;5;7.1;5;40;16.3;N;61.2;WSW;23;55;997.2;2;847;12;25;8;13;10
2022 11 29;8.6;14.2;16;15;2.7;4;25;37.8;W;67.6;WSW;14;25;993.5;0.0  1;109;14;5;8.9;13;30
2022 11 30;10.2;15.6;14;35;5.2;5;35;42.3;W;77.2;WSW;12;15;995.9;0.0  1;169;14;5;8;14;0
